comparison,left,right,scale,paired_training_seeds,makespan_delta,makespan_delta_ci95_lower,makespan_delta_ci95_upper,makespan_effect,makespan_p_raw,completion_rate_delta,completion_rate_delta_ci95_lower,completion_rate_delta_ci95_upper,completion_rate_effect,completion_rate_p_raw,deadline_completion_rate_delta,deadline_completion_rate_delta_ci95_lower,deadline_completion_rate_delta_ci95_upper,deadline_completion_rate_effect,deadline_completion_rate_p_raw,mission_success_delta,mission_success_delta_ci95_lower,mission_success_delta_ci95_upper,mission_success_effect,mission_success_p_raw,deadline_remaining_tasks_delta,deadline_remaining_tasks_delta_ci95_lower,deadline_remaining_tasks_delta_ci95_upper,deadline_remaining_tasks_effect,deadline_remaining_tasks_p_raw,throughput_delta,throughput_delta_ci95_lower,throughput_delta_ci95_upper,throughput_effect,throughput_p_raw,invalid_actions_delta,invalid_actions_delta_ci95_lower,invalid_actions_delta_ci95_upper,invalid_actions_effect,invalid_actions_p_raw,communication_events_delta,communication_events_delta_ci95_lower,communication_events_delta_ci95_upper,communication_events_effect,communication_events_p_raw,heartbeat_messages_delta,heartbeat_messages_delta_ci95_lower,heartbeat_messages_delta_ci95_upper,heartbeat_messages_effect,heartbeat_messages_p_raw,reallocated_tasks_delta,reallocated_tasks_delta_ci95_lower,reallocated_tasks_delta_ci95_upper,reallocated_tasks_effect,reallocated_tasks_p_raw,reallocation_successes_delta,reallocation_successes_delta_ci95_lower,reallocation_successes_delta_ci95_upper,reallocation_successes_effect,reallocation_successes_p_raw,reallocation_success_rate_delta,reallocation_success_rate_delta_ci95_lower,reallocation_success_rate_delta_ci95_upper,reallocation_success_rate_effect,reallocation_success_rate_p_raw,return_delta,return_delta_ci95_lower,return_delta_ci95_upper,return_effect,return_p_raw,makespan_p_holm,completion_rate_p_holm,deadline_completion_rate_p_holm,mission_success_p_holm,deadline_remaining_tasks_p_holm,throughput_p_holm,invalid_actions_p_holm,communication_events_p_holm,heartbeat_messages_p_holm,reallocated_tasks_p_holm,reallocation_successes_p_holm,reallocation_success_rate_p_holm,return_p_holm
ppo_event-minus-ppo_none,ppo_event,ppo_none,2x12,"[1, 2, 3, 4, 5]",-69.51209707472779,-71.76262959958812,-67.26156454986746,positive,0.0625,0.1741364599886137,0.16601724812507831,0.1822556718521491,positive,0.0625,0.04162087912087906,0.022849213470026036,0.06039254477173209,positive,0.0625,0.017999999999999995,-0.010309756339467138,0.04630975633946713,inconclusive,0.25,-0.5320000000000001,-0.7775465760787555,-0.28645342392124473,positive,0.0625,0.03842857142857146,0.021610482566290074,0.055246660290852845,positive,0.0625,-85.072,-87.69694837503216,-82.44705162496784,positive,0.0625,15.068000000000001,14.923648000000002,15.212352000000001,negative,0.0625,-2.032,-2.2787987339999933,-1.7852012660000067,positive,0.0625,0.006000000000000005,-0.025160522717053366,0.037160522717053376,inconclusive,0.6875,0.06000000000000001,0.047585350588921174,0.07241464941107885,positive,0.0625,0.2660795367866306,0.21631021856698426,0.3158488550062769,positive,0.0625,69.51209707472779,67.26156454986746,71.76262959958812,positive,0.0625,1.0,1.0,1.0,1.0,1.0,1.0,1.0,1.0,1.0,1.0,1.0,1.0,1.0
ppo_event-minus-ppo_none,ppo_event,ppo_none,3x16,"[1, 2, 3, 4, 5]",-70.36664996967144,-73.39861329713045,-67.33468664221243,positive,0.0625,0.17183454237391504,0.1599665682206272,0.1837025165272029,positive,0.0625,0.0401617647058824,0.020458065006499614,0.059865464405265176,positive,0.0625,0.008,-0.005599567051932203,0.0215995670519322,inconclusive,0.5,-0.6680000000000004,-0.994861475343914,-0.34113852465608674,positive,0.0625,0.05123076923076923,0.026194807486716036,0.07626673097482242,positive,0.0625,-88.74,-91.81629150712347,-85.66370849287652,positive,0.0625,19.764000000000003,19.658074591074666,19.86992540892534,negative,0.0625,-8.582,-9.748825153407314,-7.415174846592689,positive,0.0625,0.032000000000000015,-0.0013120000000000007,0.06531200000000004,inconclusive,0.0625,0.11399999999999999,0.102896,0.125104,positive,0.0625,0.42609768009768006,0.37772076273518596,0.4744745974601742,positive,0.0625,70.36664996967144,67.33468664221243,73.39861329713045,positive,0.0625,1.0,1.0,1.0,1.0,1.0,1.0,1.0,1.0,1.0,1.0,1.0,1.0,1.0
ppo_event-minus-ppo_none,ppo_event,ppo_none,3x20,"[1, 2, 3, 4, 5]",-82.0985583778449,-85.2583396941013,-78.9387770615885,positive,0.0625,0.12872366836062493,0.12058802618773855,0.1368593105335113,positive,0.0625,0.05313186523621298,0.029267736077355447,0.07699599439507052,positive,0.0625,0.032,0.005085681431624543,0.05891431856837546,positive,0.125,-1.11,-1.6110660775586392,-0.608933922441361,positive,0.0625,0.061111111111111206,0.03338969347860983,0.08883252874361258,positive,0.0625,-103.676,-106.9384508184762,-100.4135491815238,positive,0.0625,24.028,23.92775603008659,24.128243969913406,negative,0.0625,-12.371999999999998,-13.522999366144047,-11.22100063385595,positive,0.0625,0.039999999999999994,0.0247952218036566,0.05520477819634339,positive,0.0625,0.134,0.11984512183026644,0.14815487816973358,positive,0.0625,0.44542242703533025,0.37624907202877417,0.5145957820418864,positive,0.0625,82.0985583778449,78.93877706158851,85.25833969410128,positive,0.0625,1.0,1.0,1.0,1.0,1.0,1.0,1.0,1.0,1.0,1.0,1.0,1.0,1.0
ppo_event-minus-ppo_none,ppo_event,ppo_none,4x24,"[1, 2, 3, 4, 5]",-19.68553940530532,-24.543705233996768,-14.827373576613873,positive,0.0625,0.035500000000000066,0.022896047947832614,0.04810395205216752,positive,0.0625,0.043333333333333335,0.014321975040416511,0.07234469162625015,positive,0.0625,0.008,-0.025312,0.041312,inconclusive,0.625,-1.04,-1.7362725990300065,-0.34372740096999366,positive,0.0625,0.06499999999999999,0.021482962560624624,0.10851703743937535,positive,0.0625,-29.627999999999997,-35.01724063415839,-24.238759365841602,positive,0.0625,27.85,27.776031189275482,27.92396881072452,negative,0.0625,-3.1439999999999984,-4.886138511397987,-1.40186148860201,positive,0.0625,-0.0020000000000000074,-0.03413452324214567,0.030134523242145654,inconclusive,1.0,0.11599999999999999,0.1092002164740339,0.12279978352596609,positive,0.0625,0.5921804511278196,0.5618073046233375,0.6225535976323017,positive,0.0625,19.68553940530532,14.827373576613887,24.543705233996754,positive,0.0625,1.0,1.0,1.0,1.0,1.0,1.0,1.0,1.0,1.0,1.0,1.0,1.0,1.0
gppo_event-minus-ppo_event,gppo_event,ppo_event,2x12,"[1, 2, 3, 4, 5]",-0.4796793334521084,-0.8717839225839621,-0.08757474432025475,positive,0.0625,0.0018771277741865377,-0.0020613215413539093,0.005815577089726985,inconclusive,0.3125,0.012078754578754602,0.0020326092815982424,0.022124899875910962,positive,0.0625,0.007999999999999998,-0.01041390083605318,0.026413900836053175,inconclusive,0.5,-0.15199999999999986,-0.28379423623209005,-0.020205763767909668,positive,0.0625,0.010571428571428542,0.0013474124289926132,0.01979544471386447,positive,0.0625,-0.028000000000000004,-0.05020800000000001,-0.0057919999999999985,positive,0.125,-0.11799999999999962,-0.2758663142788851,0.03986631427888586,inconclusive,0.1875,-0.07600000000000015,-0.2353723818482983,0.08337238184829801,inconclusive,0.25,0.026000000000000002,-0.002580669271379909,0.05458066927137992,inconclusive,0.125,0.022,0.011613159094315538,0.03238684090568446,positive,0.0625,0.06020251449542067,-0.004288246779257647,0.12469327577009898,inconclusive,0.125,0.479679333452108,0.0875747443202553,0.8717839225839608,positive,0.0625,1.0,1.0,1.0,1.0,1.0,1.0,1.0,1.0,1.0,1.0,1.0,1.0,1.0
gppo_event-minus-ppo_event,gppo_event,ppo_event,3x16,"[1, 2, 3, 4, 5]",0.010770282802568688,-0.494889420253015,0.5164299858581524,inconclusive,0.875,-0.001283496732026146,-0.003324482305888201,0.0007574888418359091,inconclusive,0.1875,-0.004037581699346449,-0.022014029708003993,0.013938866309311097,inconclusive,0.5625,-0.004,-0.01815487816973357,0.01015487816973357,inconclusive,0.75,0.06600000000000002,-0.23034368846999254,0.36234368846999254,inconclusive,0.5625,-0.00507692307692309,-0.02787259142076864,0.01771874526692246,inconclusive,0.5625,0.04599999999999999,0.009172198327893635,0.08282780167210635,negative,0.0625,0.08599999999999852,-0.07385518326285445,0.2458551832628515,inconclusive,0.25,0.048000000000000397,-0.3414719096212196,0.43747190962122035,inconclusive,0.75,0.007999999999999997,-0.020309756339467144,0.036309756339467134,inconclusive,0.5625,0.008000000000000004,-0.01891431856837545,0.03491431856837546,inconclusive,0.625,0.014837438423645332,-0.057614624086781,0.08728950093407167,inconclusive,0.6875,-0.01077028280256762,-0.5164299858581514,0.4948894202530161,inconclusive,0.875,1.0,1.0,1.0,1.0,1.0,1.0,1.0,1.0,1.0,1.0,1.0,1.0,1.0
gppo_event-minus-ppo_event,gppo_event,ppo_event,3x20,"[1, 2, 3, 4, 5]",-0.2524618029849542,-0.7099963490607277,0.2050727430908193,inconclusive,0.25,-0.0005377564464520423,-0.007111682944237745,0.00603617005133366,inconclusive,0.875,-0.002604140786749487,-0.020269787717007347,0.015061506143508374,inconclusive,0.625,0.014000000000000002,-0.019542535622698528,0.04754253562269853,inconclusive,0.5,0.05600000000000014,-0.3112932303432772,0.42329323034327754,inconclusive,0.625,-0.002888888888888941,-0.023599503599201373,0.017821725821423492,inconclusive,0.6875,0.030000000000000016,-0.10740498972016992,0.16740498972016996,inconclusive,0.625,-0.005999999999998807,-0.20377904180170328,0.19177904180170566,inconclusive,0.9375,-0.18200000000000002,-0.809425130819608,0.4454251308196079,inconclusive,0.5,-0.023999999999999987,-0.038154878169733536,-0.009845121830266436,negative,0.0625,-0.036000000000000004,-0.050154878169733574,-0.021845121830266434,negative,0.0625,-0.09257623108568605,-0.1530801935521565,-0.03207226861921561,negative,0.0625,0.252461802984952,-0.20507274309081974,0.7099963490607237,inconclusive,0.25,1.0,1.0,1.0,1.0,1.0,1.0,1.0,1.0,1.0,1.0,1.0,1.0,1.0
gppo_event-minus-ppo_event,gppo_event,ppo_event,4x24,"[1, 2, 3, 4, 5]",-0.3686182379855779,-0.6660263567963962,-0.07121011917475961,positive,0.125,-0.0015833333333334476,-0.004378544635225077,0.0012118779685581819,inconclusive,0.1875,0.0044999999999999485,-0.004042122335813332,0.01304212233581323,inconclusive,0.25,0.006,-0.012827748033155744,0.024827748033155746,inconclusive,0.75,-0.10800000000000001,-0.3130109360595187,0.09701093605951863,inconclusive,0.25,0.0067499999999999895,-0.006063183503719886,0.019563183503719866,inconclusive,0.25,0.06799999999999999,-0.00873016658394532,0.1447301665839453,inconclusive,0.125,-0.07399999999999948,-0.1593817456837231,0.011381745683724132,inconclusive,0.125,-0.6920000000000002,-1.4056749936378619,0.021674993637861517,inconclusive,0.125,0.024,-0.009542535622698516,0.05754253562269852,inconclusive,0.25,0.016000000000000007,-0.004773681811368911,0.036773681811368926,inconclusive,0.25,0.0070148196578402764,-0.029669134955186267,0.04369877427086682,inconclusive,0.625,0.36861823798557725,0.07121011917475606,0.6660263567963984,positive,0.125,1.0,1.0,1.0,1.0,1.0,1.0,1.0,1.0,1.0,1.0,1.0,1.0,1.0
gppo_none-minus-ppo_none,gppo_none,ppo_none,2x12,"[1, 2, 3, 4, 5]",-1.5477420503452635,-4.8981414684065445,1.8026573677160171,inconclusive,0.375,0.006047566319204556,-0.005903646347160715,0.017998778985569827,inconclusive,0.25,0.028047619047619033,-0.011168339808848026,0.06726357790408609,inconclusive,0.125,0.011999999999999997,-0.03395097631171724,0.05795097631171724,inconclusive,0.5625,-0.354,-0.8503220950310391,0.14232209503103915,inconclusive,0.125,0.02528571428571429,-0.010143676184081084,0.06071510475550966,inconclusive,0.125,-1.5319999999999965,-5.390254536142472,2.3262545361424793,inconclusive,0.375,0.0,0.0,0.0,inconclusive,1.0,-0.2819999999999997,-0.6867061461159188,0.12270614611591946,inconclusive,0.125,0.008000000000000002,-0.01041390083605318,0.026413900836053182,inconclusive,0.5,0.0,0.0,0.0,inconclusive,1.0,0.0,0.0,0.0,inconclusive,1.0,1.5477420503452606,-1.8026573677160276,4.898141468406549,inconclusive,0.375,1.0,1.0,1.0,1.0,1.0,1.0,1.0,1.0,1.0,1.0,1.0,1.0,1.0
gppo_none-minus-ppo_none,gppo_none,ppo_none,3x16,"[1, 2, 3, 4, 5]",0.9161302704853739,-4.614998312521652,6.447258853492399,inconclusive,0.6875,-0.0011673533986093388,-0.025925625895278796,0.023590919098060117,inconclusive,0.8125,0.009841503267973839,-0.03070137544459467,0.05038438198054235,inconclusive,0.5625,-0.001999999999999999,-0.01818672246009055,0.014186722460090555,inconclusive,1.0,-0.16200000000000045,-0.8341933677030745,0.5101933677030736,inconclusive,0.5625,0.012461538461538413,-0.03921476923076921,0.06413784615384605,inconclusive,0.5625,1.4439999999999997,-4.59760287962855,7.48560287962855,inconclusive,0.5625,0.0,0.0,0.0,inconclusive,1.0,0.00799999999999983,-1.2661930718631291,1.2821930718631287,inconclusive,0.9375,-0.003999999999999998,-0.0363734449201811,0.02837344492018111,inconclusive,1.0,0.0,0.0,0.0,inconclusive,1.0,0.0,0.0,0.0,inconclusive,1.0,-0.9161302704853824,-6.44725885349242,4.614998312521655,inconclusive,0.6875,1.0,1.0,1.0,1.0,1.0,1.0,1.0,1.0,1.0,1.0,1.0,1.0,1.0
gppo_none-minus-ppo_none,gppo_none,ppo_none,3x20,"[1, 2, 3, 4, 5]",-2.5858026851634066,-8.220822830949553,3.04921746062274,inconclusive,0.3125,0.0026240071522680487,-0.006499245139563056,0.011747259444099153,inconclusive,0.5,0.005685695463956341,-0.02025420792931635,0.03162559885722903,inconclusive,0.75,0.008000000000000002,-0.018914318568375457,0.03491431856837546,inconclusive,0.625,-0.12399999999999985,-0.6640443841907808,0.4160443841907811,inconclusive,0.75,0.006666666666666643,-0.02294640962417833,0.036279742957511615,inconclusive,0.75,-2.846000000000001,-8.631084095106662,2.939084095106659,inconclusive,0.375,0.0,0.0,0.0,inconclusive,1.0,-0.7419999999999988,-2.7062902245197846,1.2222902245197869,inconclusive,0.375,0.017999999999999995,0.004400432948067801,0.03159956705193219,positive,0.125,0.0,0.0,0.0,inconclusive,1.0,0.0,0.0,0.0,inconclusive,1.0,2.5858026851634093,-3.0492174606227223,8.22082283094954,inconclusive,0.3125,1.0,1.0,1.0,1.0,1.0,1.0,1.0,1.0,1.0,1.0,1.0,1.0,1.0
gppo_none-minus-ppo_none,gppo_none,ppo_none,4x24,"[1, 2, 3, 4, 5]",-2.1644085622292195,-6.497188871991454,2.1683717475330146,inconclusive,0.3125,0.005916666666666681,-0.004103031354952763,0.015936364688286124,inconclusive,0.1875,0.024,-0.0015531725666740222,0.04955317256667402,inconclusive,0.0625,0.007999999999999998,-0.025311999999999994,0.041311999999999995,inconclusive,0.75,-0.576,-1.189276141600177,0.037276141600177115,inconclusive,0.0625,0.03599999999999999,-0.0023297588500109795,0.07432975885001096,inconclusive,0.0625,-1.8639999999999994,-5.420570638794624,1.6925706387946255,inconclusive,0.1875,0.0,0.0,0.0,inconclusive,1.0,-0.7700000000000002,-3.6396375509112646,2.0996375509112646,inconclusive,0.4375,0.011999999999999993,-0.017639569227638915,0.0416395692276389,inconclusive,0.5,0.0,0.0,0.0,inconclusive,1.0,0.0,0.0,0.0,inconclusive,1.0,2.1644085622292137,-2.168371747533017,6.497188871991444,inconclusive,0.3125,1.0,1.0,1.0,1.0,1.0,1.0,1.0,1.0,1.0,1.0,1.0,1.0,1.0
gppo_event-minus-gppo_none,gppo_event,gppo_none,2x12,"[1, 2, 3, 4, 5]",-68.44403435783462,-70.62550933495578,-66.26255938071347,positive,0.0625,0.16996602144359568,0.15710839836297885,0.18282364452421251,positive,0.0625,0.02565201465201463,-0.00300129152520005,0.054305320829229314,inconclusive,0.0625,0.013999999999999999,-0.03534725540493615,0.06334725540493615,inconclusive,0.625,-0.32999999999999996,-0.6956530508555888,0.0356530508555889,inconclusive,0.0625,0.02371428571428571,-0.002646530389026583,0.050075101817598,inconclusive,0.0625,-83.568,-86.04542097752964,-81.09057902247035,positive,0.0625,14.95,14.827101241015216,15.072898758984783,negative,0.0625,-1.8260000000000005,-2.077775701321633,-1.5742242986783679,positive,0.0625,0.024000000000000004,0.0014476693887305742,0.046552330611269434,positive,0.125,0.082,0.07161315909431555,0.09238684090568446,positive,0.0625,0.3262820512820513,0.2765518312971149,0.37601227126698766,positive,0.0625,68.44403435783462,66.26255938071345,70.6255093349558,positive,0.0625,1.0,1.0,1.0,1.0,1.0,1.0,1.0,1.0,1.0,1.0,1.0,1.0,1.0
gppo_event-minus-gppo_none,gppo_event,gppo_none,3x16,"[1, 2, 3, 4, 5]",-71.27200995735426,-75.27326999577294,-67.27074991893558,positive,0.0625,0.17171839904049824,0.15566098815756763,0.18777580992342885,positive,0.0625,0.02628267973856211,-0.0008563819564012462,0.05342174143352547,inconclusive,0.0625,0.006,-0.00815487816973357,0.02015487816973357,inconclusive,0.5,-0.43999999999999984,-0.8890775277388079,0.009077527738808211,inconclusive,0.0625,0.03369230769230773,-0.0009338608624294559,0.06831847624704492,inconclusive,0.0625,-90.138,-94.22993511382379,-86.04606488617623,positive,0.0625,19.85,19.765343377813664,19.93465662218634,negative,0.0625,-8.541999999999998,-9.47637867256482,-7.607621327435177,positive,0.0625,0.04400000000000001,0.023226318188631107,0.06477368181136892,positive,0.0625,0.122,0.10358609916394682,0.14041390083605318,positive,0.0625,0.4409351185213254,0.3943531094505669,0.4875171275920839,positive,0.0625,71.27200995735426,67.27074991893558,75.27326999577294,positive,0.0625,1.0,1.0,1.0,1.0,1.0,1.0,1.0,1.0,1.0,1.0,1.0,1.0,1.0
gppo_event-minus-gppo_none,gppo_event,gppo_none,3x20,"[1, 2, 3, 4, 5]",-79.76521749566643,-83.18844144144482,-76.34199354988804,positive,0.0625,0.12556190476190485,0.11297253050612001,0.1381512790176897,positive,0.0625,0.044842028985507154,0.03763639212947878,0.05204766584153553,positive,0.0625,0.038,0.008360430772361083,0.06763956922763892,positive,0.0625,-0.93,-1.0761030715625104,-0.7838969284374897,positive,0.0625,0.05155555555555562,0.04327337708624405,0.05983773402486719,positive,0.0625,-100.79999999999998,-104.4755225424856,-97.12447745751436,positive,0.0625,24.022,23.854885722261677,24.18911427773832,negative,0.0625,-11.812,-12.46180936261645,-11.16219063738355,positive,0.0625,-0.0019999999999999905,-0.025880054941310286,0.021880054941310303,inconclusive,1.0,0.098,0.08181327753990945,0.11418672246009055,positive,0.0625,0.3528461959496442,0.29241434589835485,0.4132780460009336,positive,0.0625,79.76521749566643,76.34199354988807,83.1884414414448,positive,0.0625,1.0,1.0,1.0,1.0,1.0,1.0,1.0,1.0,1.0,1.0,1.0,1.0,1.0
gppo_event-minus-gppo_none,gppo_event,gppo_none,4x24,"[1, 2, 3, 4, 5]",-17.88974908106168,-23.287219885271437,-12.492278276851923,positive,0.0625,0.027999999999999935,0.017264787297040743,0.038735212702959126,positive,0.0625,0.023833333333333283,0.007380181976965196,0.04028648468970137,positive,0.0625,0.006000000000000001,-0.016552330611269418,0.02855233061126942,inconclusive,0.625,-0.5720000000000001,-0.9668756325528332,-0.17712436744716703,positive,0.0625,0.03574999999999999,0.011070272965447846,0.060429727034552135,positive,0.0625,-27.696000000000005,-33.003531963473804,-22.38846803652621,positive,0.0625,27.776,27.694781241969604,27.857218758030395,negative,0.0625,-3.065999999999998,-4.988118918011057,-1.1438810819889398,positive,0.0625,0.009999999999999998,-0.04339742615519965,0.06339742615519965,inconclusive,0.75,0.132,0.1116006494221017,0.1523993505778983,positive,0.0625,0.5991952707856598,0.5758177286223395,0.6225728129489801,positive,0.0625,17.889749081061684,12.49227827685193,23.287219885271437,positive,0.0625,1.0,1.0,1.0,1.0,1.0,1.0,1.0,1.0,1.0,1.0,1.0,1.0,1.0
gppo_periodic-minus-gppo_event,gppo_periodic,gppo_event,2x12,"[1, 2, 3, 4, 5]",1.4425853259598518,0.6864028189493095,2.198767832970394,negative,0.0625,0.0016464662788192586,0.0010521053172201228,0.0022408272404183943,positive,0.0625,-0.006517948717948729,-0.013034579423409826,-1.3180124876334756e-06,negative,0.125,-0.013999999999999999,-0.032827748033155746,0.004827748033155745,inconclusive,0.25,0.08599999999999985,-0.00116816813493352,0.17316816813493324,inconclusive,0.125,-0.00585714285714285,-0.011785852556046817,7.156684176111774e-05,inconclusive,0.125,3.4160000000000004,2.5290864634159655,4.302913536584035,negative,0.0625,-6.672,-7.054584770925347,-6.289415229074653,positive,0.0625,-0.027999999999999758,-0.09734445777421499,0.04134445777421547,inconclusive,0.375,0.0040000000000000036,-0.010154878169733577,0.018154878169733584,inconclusive,0.75,0.001999999999999999,-0.014186722460090548,0.018186722460090544,inconclusive,1.0,0.0017179487179487252,-0.05563827711617993,0.05907417455207738,inconclusive,1.0,-1.4425853259598522,-2.1987678329703937,-0.6864028189493107,negative,0.0625,1.0,1.0,1.0,1.0,1.0,1.0,1.0,1.0,1.0,1.0,1.0,1.0,1.0
gppo_periodic-minus-gppo_event,gppo_periodic,gppo_event,3x16,"[1, 2, 3, 4, 5]",2.286686072153441,-0.07711064559682823,4.650482789903711,inconclusive,0.0625,-0.00034483758415642106,-0.0036716092527554023,0.0029819340844425605,inconclusive,0.875,0.00116339869281048,-0.016435897737811404,0.01876269512343236,inconclusive,1.0,-0.0019999999999999996,-0.02744246025839482,0.023442460258394825,inconclusive,1.0,-0.01799999999999997,-0.30986310062082206,0.27386310062082214,inconclusive,1.0,0.0015384615384615996,-0.02070441639886734,0.02378133947579054,inconclusive,1.0,5.412000000000001,2.8589793409562874,7.965020659043715,negative,0.0625,-10.123999999999999,-11.333953921344115,-8.914046078655883,positive,0.0625,0.27800000000000014,0.0124019294045985,0.5435980705954018,negative,0.0625,0.01399999999999999,-0.0048277480331557435,0.032827748033155725,inconclusive,0.1875,0.018,-0.004208,0.040207999999999994,inconclusive,0.1875,0.04220252412688452,-0.03453871962859183,0.11894376788236087,inconclusive,0.25,-2.286686072153439,-4.650482789903707,0.07711064559682868,inconclusive,0.0625,1.0,1.0,1.0,1.0,1.0,1.0,1.0,1.0,1.0,1.0,1.0,1.0,1.0
gppo_periodic-minus-gppo_event,gppo_periodic,gppo_event,3x20,"[1, 2, 3, 4, 5]",1.5263025566513868,-0.5648012307676635,3.617406344070437,inconclusive,0.25,-0.0011270092226614015,-0.008464629820057093,0.006210611374734289,inconclusive,0.6875,0.0007432712215322157,-0.01987064238177491,0.021357184824839344,inconclusive,0.875,-0.006000000000000003,-0.031743564943496075,0.01974356494349607,inconclusive,0.6875,-0.014000000000000058,-0.4469670164989482,0.4189670164989481,inconclusive,0.9375,0.0006666666666666598,-0.02276496271556318,0.0240982960488965,inconclusive,0.9375,5.369999999999999,3.3028956319334037,7.437104368066595,negative,0.0625,-12.792,-13.786156877310617,-11.797843122689383,positive,0.0625,0.18799999999999956,-0.4824715286900712,0.8584715286900704,inconclusive,0.625,0.015999999999999993,-0.012580669271379886,0.04458066927137987,inconclusive,0.25,0.014000000000000002,-0.02176625806538896,0.049766258065388966,inconclusive,0.4375,0.025633066723166842,-0.07225371621112012,0.1235198496574538,inconclusive,0.5625,-1.5263025566513868,-3.6174063440704396,0.5648012307676662,inconclusive,0.25,1.0,1.0,1.0,1.0,1.0,1.0,1.0,1.0,1.0,1.0,1.0,1.0,1.0
gppo_periodic-minus-gppo_event,gppo_periodic,gppo_event,4x24,"[1, 2, 3, 4, 5]",0.14528608255363834,-0.10879042178926052,0.3993625868965372,inconclusive,0.1875,0.0002500000000001057,-0.0036313018148267187,0.00413130181482693,inconclusive,0.875,0.006000000000000161,-0.0071402627827602755,0.019140262782760598,inconclusive,0.3125,-0.004000000000000001,-0.020655999999999997,0.012655999999999997,inconclusive,0.75,-0.14399999999999977,-0.4593663067862509,0.1713663067862514,inconclusive,0.3125,0.00900000000000003,-0.010710394174140601,0.02871039417414066,inconclusive,0.3125,2.326,1.6434426205394892,3.0085573794605107,negative,0.0625,-17.672000000000004,-17.815817163036964,-17.528182836963044,positive,0.0625,-0.2700000000000031,-1.156930913927348,0.6169309139273418,inconclusive,0.625,-0.018,-0.0566652058574631,0.020665205857463103,inconclusive,0.3125,-0.01,-0.04399891762983052,0.023998917629830516,inconclusive,0.5,0.003992243454486011,-0.0499553970331028,0.05793988394207482,inconclusive,0.875,-0.1452860825536355,-0.3993625868965367,0.10879042178926568,inconclusive,0.1875,1.0,1.0,1.0,1.0,1.0,1.0,1.0,1.0,1.0,1.0,1.0,1.0,1.0
gppo_always-minus-gppo_event,gppo_always,gppo_event,2x12,"[1, 2, 3, 4, 5]",0.034898342370888,-0.18087766127881288,0.25067434602058886,inconclusive,0.75,0.001771999569058469,-0.0014794561945572328,0.005023455332674171,inconclusive,0.25,0.004235897435897385,0.0023140489954854926,0.006157745876309277,positive,0.0625,0.004000000000000001,-0.007103999999999993,0.015103999999999996,inconclusive,0.625,-0.050000000000000086,-0.07322568233658597,-0.026774317663414208,positive,0.0625,0.004142857142857092,0.0029866626814219702,0.005299051604292214,positive,0.0625,-0.1,-0.11962928424573856,-0.08037071575426145,positive,0.0625,16.686,16.56934192348577,16.80265807651423,negative,0.0625,-0.04599999999999973,-0.10193485010259737,0.009934850102597918,inconclusive,0.1875,0.0,-0.015204778196343423,0.015204778196343423,inconclusive,1.0,0.003999999999999998,-0.0027997835259661007,0.010799783525966097,inconclusive,0.5,0.015153846153846151,-0.024548805907870425,0.054856498215562724,inconclusive,0.375,-0.034898342370888,-0.25067434602058747,0.18087766127881144,inconclusive,0.75,1.0,1.0,1.0,1.0,1.0,1.0,1.0,1.0,1.0,1.0,1.0,1.0,1.0
gppo_always-minus-gppo_event,gppo_always,gppo_event,3x16,"[1, 2, 3, 4, 5]",0.020910545972527218,-0.3634177183633241,0.40523881030837855,inconclusive,0.8125,0.0003897058823529864,-0.0011289757121379568,0.0019083874768439297,inconclusive,0.625,-0.0035032679738562058,-0.016343669205562877,0.009337133257850464,inconclusive,0.5,-0.002,-0.020413900836053177,0.01641390083605318,inconclusive,1.0,0.05400000000000009,-0.15770526591466755,0.2657052659146677,inconclusive,0.5,-0.00415384615384613,-0.02043886660882047,0.01213117430112821,inconclusive,0.5,-0.22200000000000003,-0.24891431856837548,-0.19508568143162458,positive,0.0625,20.215999999999998,19.72971642353869,20.702283576461305,negative,0.0625,0.04200000000000017,-0.2235980705954029,0.30759807059540323,inconclusive,0.6875,-0.006000000000000005,-0.0302006069345378,0.01820060693453779,inconclusive,0.75,-0.0020000000000000018,-0.01818672246009056,0.014186722460090555,inconclusive,1.0,0.0039114142562418405,-0.04259482466149114,0.05041765317397483,inconclusive,0.8125,-0.020910545972527218,-0.4052388103083812,0.36341771836332676,inconclusive,0.8125,1.0,1.0,1.0,1.0,1.0,1.0,1.0,1.0,1.0,1.0,1.0,1.0,1.0
gppo_always-minus-gppo_event,gppo_always,gppo_event,3x20,"[1, 2, 3, 4, 5]",-0.12613267259093064,-0.4263730338494722,0.17410768866761095,inconclusive,0.25,0.0005270468661772165,-0.0026676721862008055,0.0037217659185552385,inconclusive,0.6875,-8.125352907950578e-05,-0.010406955072959297,0.010244448014800286,inconclusive,1.0,-0.008000000000000002,-0.02839935057789831,0.012399350577898304,inconclusive,0.5,-0.0019999999999999575,-0.2208291060713816,0.2168291060713817,inconclusive,1.0,-0.00044444444444453614,-0.012463887672238964,0.011574998783349893,inconclusive,1.0,-0.562,-0.6053625062006338,-0.5186374937993663,positive,0.0625,22.676,22.443643659316123,22.908356340683873,negative,0.0625,0.1019999999999996,-0.3926735415443202,0.5966735415443194,inconclusive,0.875,0.003999999999999992,-0.012655999999999973,0.02065599999999996,inconclusive,0.75,0.007999999999999998,-0.028617954940165627,0.04461795494016563,inconclusive,0.625,0.021754031409203844,-0.0947974253511005,0.1383054881695082,inconclusive,0.625,0.12613267259092886,-0.17410768866761017,0.4263730338494679,inconclusive,0.25,1.0,1.0,1.0,1.0,1.0,1.0,1.0,1.0,1.0,1.0,1.0,1.0,1.0
gppo_always-minus-gppo_event,gppo_always,gppo_event,4x24,"[1, 2, 3, 4, 5]",-0.25474657902328135,-0.47361961440699935,-0.035873543639563354,positive,0.0625,-0.0004999999999999005,-0.0027665945086552653,0.0017665945086554641,inconclusive,0.625,0.005416666666666736,-0.00023800210249103754,0.01107133543582451,inconclusive,0.125,-1.3877787807814458e-18,-0.015204778196343409,0.015204778196343405,inconclusive,1.0,-0.1299999999999999,-0.2657120504597883,0.005712050459788509,inconclusive,0.125,0.008125000000000026,-0.00035700315373663957,0.016607003153736692,inconclusive,0.125,-0.374,-0.4097662580653889,-0.3382337419346111,positive,0.0625,25.148000000000003,24.69589535257421,25.600104647425795,negative,0.0625,-0.2220000000000013,-0.5516784892952546,0.10767848929525209,inconclusive,0.25,-0.008000000000000002,-0.030207999999999992,0.014207999999999986,inconclusive,0.5,-0.012,-0.034208,0.010207999999999998,inconclusive,0.3125,-0.03426020585059486,-0.10036153006758029,0.03184111836639057,inconclusive,0.375,0.25474657902328274,0.035873543639560385,0.47361961440700506,positive,0.0625,1.0,1.0,1.0,1.0,1.0,1.0,1.0,1.0,1.0,1.0,1.0,1.0,1.0
gppo_event-minus-gppo_event_no_gate,gppo_event,gppo_event_no_gate,2x12,"[1, 2, 3, 4, 5]",-0.00542839947246776,-0.26086890190754153,0.250012102962606,inconclusive,0.9375,-0.0002958090928679713,-0.003534599800431,0.0029429816146950573,inconclusive,0.875,-0.002572893772893714,-0.014661566078404308,0.00951577853261688,inconclusive,0.5625,-0.010000000000000004,-0.0619342045284223,0.041934204528422295,inconclusive,0.6875,0.03600000000000003,-0.11771120849176847,0.18971120849176853,inconclusive,0.5625,-0.0025714285714285357,-0.012847909728886726,0.007705052586029656,inconclusive,0.5625,0.0020000000000000018,-0.011599567051932201,0.015599567051932205,inconclusive,1.0,0.002000000000000668,-0.08146486149272587,0.08546486149272721,inconclusive,1.0,0.01599999999999966,-0.0707250124012685,0.1027250124012678,inconclusive,0.5625,0.001999999999999996,-0.027639569227638938,0.03163956922763893,inconclusive,1.0,0.0,-0.008778482784627416,0.008778482784627416,inconclusive,1.0,-0.001459308807134896,-0.04875950645875833,0.045840888844488545,inconclusive,1.0,0.005428399472467049,-0.25001210296260507,0.26086890190753914,inconclusive,0.9375,1.0,1.0,1.0,1.0,1.0,1.0,1.0,1.0,1.0,1.0,1.0,1.0,1.0
gppo_event-minus-gppo_event_no_gate,gppo_event,gppo_event_no_gate,3x16,"[1, 2, 3, 4, 5]",-0.035867663691692545,-0.24606740654564907,0.17433207916226395,inconclusive,0.6875,-0.0011552287581700015,-0.0025968798579149516,0.0002864223415749484,inconclusive,0.125,0.0014387254901960579,-0.013200599704124549,0.016078050684516666,inconclusive,0.8125,3.4694469519536144e-19,-0.008778482784627421,0.008778482784627421,inconclusive,1.0,-0.022000000000000065,-0.2613485165694582,0.21734851656945806,inconclusive,0.875,0.0016923076923077486,-0.016719116659189067,0.020103732043804567,inconclusive,0.875,0.019999999999999997,-0.0015028035381435823,0.041502803538143576,inconclusive,0.125,-0.014000000000000767,-0.09616209695474132,0.06816209695473979,inconclusive,0.625,-0.07999999999999971,-0.49732430746363243,0.33732430746363307,inconclusive,0.6875,0.008000000000000007,-0.008186722460090532,0.024186722460090546,inconclusive,0.375,0.004000000000000001,-0.01015487816973358,0.01815487816973358,inconclusive,0.75,-0.0003391015115153051,-0.06604130703357938,0.06536310401054876,inconclusive,1.0,0.03586766369169343,-0.174332079162261,0.2460674065456479,inconclusive,0.6875,1.0,1.0,1.0,1.0,1.0,1.0,1.0,1.0,1.0,1.0,1.0,1.0,1.0
gppo_event-minus-gppo_event_no_gate,gppo_event,gppo_event_no_gate,3x20,"[1, 2, 3, 4, 5]",-0.1998838814903145,-0.46066433790478417,0.06089657492415518,inconclusive,0.125,0.0022859966120836626,-0.00572881101693535,0.010300804241102676,inconclusive,0.5,0.0039680782985129556,-0.010435373610552868,0.018371530207578778,inconclusive,0.5625,-0.003999999999999997,-0.0363734449201811,0.02837344492018111,inconclusive,1.0,-0.07999999999999971,-0.3779515858658917,0.21795158586589233,inconclusive,0.5625,0.0047777777777778365,-0.011074886407707863,0.020630441963263534,inconclusive,0.5625,0.006000000000000028,-0.08116816813493322,0.09316816813493328,inconclusive,0.75,0.06799999999999998,-0.05281182617608361,0.18881182617608355,inconclusive,0.1875,-0.21999999999999958,-0.4820344026268303,0.04203440262683111,inconclusive,0.125,-0.005999999999999983,-0.030200606934537785,0.018200606934537823,inconclusive,0.75,-0.006,-0.028552330611269425,0.016552330611269428,inconclusive,0.625,-0.014372447475895755,-0.11456951944392163,0.08582462449213013,inconclusive,0.75,0.19988388149031416,-0.060896574924158786,0.4606643379047871,inconclusive,0.125,1.0,1.0,1.0,1.0,1.0,1.0,1.0,1.0,1.0,1.0,1.0,1.0,1.0
gppo_event-minus-gppo_event_no_gate,gppo_event,gppo_event_no_gate,4x24,"[1, 2, 3, 4, 5]",-0.09911926846589765,-0.7704542521981548,0.5722157152663594,inconclusive,0.625,0.000833333333333286,-0.0006747754897368668,0.002341442156403439,inconclusive,0.25,0.001166666666666627,-0.014366294366067615,0.01669962769940087,inconclusive,1.0,0.01,-0.002414649411078832,0.022414649411078832,inconclusive,0.25,-0.027999999999999935,-0.4007910647856243,0.3447910647856245,inconclusive,1.0,0.0017499999999999183,-0.02154944154910159,0.025049441549101426,inconclusive,1.0,-0.006000000000000005,-0.07086580066568206,0.05886580066568205,inconclusive,1.0,-0.03200000000000003,-0.19749244545900016,0.1334924454590001,inconclusive,0.75,-0.2279999999999987,-1.474124106461309,1.0181241064613118,inconclusive,0.625,0.014000000000000002,-0.046565169660457456,0.07456516966045747,inconclusive,0.625,0.012,-0.028609379015197955,0.05260937901519795,inconclusive,0.5,0.018936065654331903,-0.020300696168713453,0.05817282747737726,inconclusive,0.25,0.09911926846589765,-0.5722157152663597,0.7704542521981551,inconclusive,0.625,1.0,1.0,1.0,1.0,1.0,1.0,1.0,1.0,1.0,1.0,1.0,1.0,1.0
gppo_event-minus-gppo_event_single_head,gppo_event,gppo_event_single_head,2x12,"[1, 2, 3, 4, 5]",-0.09403864208453214,-0.4741553180031036,0.2860780338340394,inconclusive,0.5,-0.0019111506140918166,-0.005273867840436438,0.0014515666122528051,inconclusive,0.1875,-0.006182783882783838,-0.02021243066673096,0.00784686290116328,inconclusive,0.375,-0.008000000000000002,-0.05719084532715411,0.04119084532715411,inconclusive,0.8125,0.07800000000000011,-0.10005394706099592,0.25605394706099616,inconclusive,0.375,-0.006142857142857072,-0.01818126606884841,0.005895551783134267,inconclusive,0.3125,-0.014000000000000002,-0.04637344492018111,0.018373444920181104,inconclusive,0.375,-0.10599999999999951,-0.255646742216461,0.043646742216461976,inconclusive,0.1875,0.05799999999999983,-0.08174065258184582,0.19774065258184548,inconclusive,0.375,0.006,-0.014773681811368929,0.02677368181136893,inconclusive,0.6875,0.009999999999999998,0.009999999999999992,0.010000000000000005,positive,0.0625,0.034108138238573005,0.00948597060608615,0.05873030587105986,positive,0.0625,0.09403864208453268,-0.2860780338340406,0.47415531800310595,inconclusive,0.5,1.0,1.0,1.0,1.0,1.0,1.0,1.0,1.0,1.0,1.0,1.0,1.0,1.0
gppo_event-minus-gppo_event_single_head,gppo_event,gppo_event_single_head,3x16,"[1, 2, 3, 4, 5]",0.29045652906889,0.11104677235427615,0.46986628578350387,negative,0.0625,-0.0018382352941176626,-0.004078733481319156,0.00040226289308383,inconclusive,0.125,-0.010678921568627464,-0.023651473506268336,0.002293630369013408,inconclusive,0.0625,-0.006,-0.022655999999999996,0.010655999999999997,inconclusive,0.5,0.17799999999999994,-0.029625500707403246,0.3856255007074031,inconclusive,0.0625,-0.013692307692307648,-0.029663500054415655,0.0022788846698003577,inconclusive,0.0625,0.022,-0.02136250620063375,0.06536250620063375,inconclusive,0.25,0.07999999999999971,-0.029994074022197156,0.1899940740221966,inconclusive,0.25,0.2699999999999996,-0.007183287230669744,0.5471832872306689,inconclusive,0.0625,-0.005999999999999983,-0.04486399999999998,0.03286400000000001,inconclusive,1.0,-0.001999999999999999,-0.028914318568375463,0.024914318568375466,inconclusive,1.0,0.0008177923917634833,-0.06433908206212383,0.06597466684565079,inconclusive,1.0,-0.29045652906888897,-0.46986628578350215,-0.11104677235427579,negative,0.0625,1.0,1.0,1.0,1.0,1.0,1.0,1.0,1.0,1.0,1.0,1.0,1.0,1.0
gppo_event-minus-gppo_event_single_head,gppo_event,gppo_event_single_head,3x20,"[1, 2, 3, 4, 5]",0.09122125245955814,-0.2844089782428124,0.4668514831619287,inconclusive,0.6875,-0.002819141727837371,-0.008512350886422635,0.002874067430747893,inconclusive,0.375,-0.008006474684735565,-0.01843797419257783,0.0024250248231067004,inconclusive,0.25,-0.005999999999999997,-0.053760109882620664,0.04176010988262067,inconclusive,0.875,0.16800000000000007,-0.04763642081986058,0.3836364208198607,inconclusive,0.25,-0.008888888888888924,-0.020613835554907797,0.0028360577771299484,inconclusive,0.25,0.029999999999999992,-0.06165005095470485,0.12165005095470482,inconclusive,0.4375,0.002000000000001023,-0.29780799999999996,0.30180800000000196,inconclusive,1.0,-0.060000000000000143,-0.5522999443428782,0.43229994434287794,inconclusive,0.875,-0.007999999999999985,-0.02159956705193218,0.00559956705193221,inconclusive,0.3125,-0.016,-0.03482774803315575,0.002827748033155747,inconclusive,0.125,-0.04510490786352857,-0.1157821418324573,0.025572326105400167,inconclusive,0.1875,-0.0912212524595624,-0.46685148316193525,0.2844089782428104,inconclusive,0.6875,1.0,1.0,1.0,1.0,1.0,1.0,1.0,1.0,1.0,1.0,1.0,1.0,1.0
gppo_event-minus-gppo_event_single_head,gppo_event,gppo_event_single_head,4x24,"[1, 2, 3, 4, 5]",0.3138212619944298,-0.12833102281994702,0.7559735468088066,inconclusive,0.1875,-0.0012500000000001065,-0.003862121104900712,0.0013621211049004989,inconclusive,0.3125,-0.011750000000000038,-0.02052390946689875,-0.0029760905331013277,negative,0.0625,-0.0019999999999999996,-0.015599567051932203,0.011599567051932203,inconclusive,1.0,0.28199999999999986,0.07142617279443289,0.49257382720556686,negative,0.0625,-0.017625000000000047,-0.030785864200347964,-0.00446413579965213,negative,0.0625,0.042,-0.020936273038685706,0.10493627303868572,inconclusive,0.25,0.038000000000000256,-0.11888698526009175,0.19488698526009227,inconclusive,0.5,0.5460000000000008,-0.24428775777940503,1.3362877577794068,inconclusive,0.125,0.008000000000000007,-0.025311999999999987,0.041312,inconclusive,0.625,0.008000000000000004,-0.014207999999999995,0.030208000000000002,inconclusive,0.5,0.013913885504274548,-0.023512650884782056,0.05134042189333115,inconclusive,0.375,-0.31382126199442906,-0.7559735468088056,0.12833102281994746,inconclusive,0.1875,1.0,1.0,1.0,1.0,1.0,1.0,1.0,1.0,1.0,1.0,1.0,1.0,1.0
gppo_event-minus-random_event,gppo_event,random_event,2x12,"[1, 2, 3, 4, 5]",-1.717642502421701,-1.9702488577886028,-1.4650361470547992,positive,0.0625,0.013582945485886766,0.010644055224144149,0.01652183574762938,positive,0.0625,0.056480219780219595,0.050708042573836445,0.062252396986602745,positive,0.0625,0.022,-0.00020799999999999638,0.044208,inconclusive,0.125,-0.7059999999999998,-0.7802806974657612,-0.6317193025342385,positive,0.0625,0.05128571428571425,0.046535126231889434,0.05603630233953906,positive,0.0625,-0.07999999999999999,-0.09962928424573854,-0.060370715754261436,positive,0.0625,-0.2800000000000001,-0.40289875898478433,-0.15710124101521586,positive,0.0625,-0.6299999999999997,-0.7461284116829293,-0.51387158831707,positive,0.0625,0.021999999999999992,0.008400432948067778,0.03559956705193221,positive,0.0625,0.022000000000000002,0.011613159094315548,0.03238684090568446,positive,0.0625,0.06541248606465998,0.015682266079723617,0.11514270604959634,positive,0.0625,1.717642502421699,1.4650361470547983,1.9702488577885997,positive,0.0625,1.0,1.0,1.0,1.0,1.0,1.0,1.0,1.0,1.0,1.0,1.0,1.0,1.0
gppo_event-minus-random_event,gppo_event,random_event,3x16,"[1, 2, 3, 4, 5]",-1.3325167729895468,-1.565147527044179,-1.0998860189349147,positive,0.0625,0.008360294117647115,0.006570621304093732,0.010149966931200499,positive,0.0625,0.04637091503267991,0.03569513568046094,0.057046694384898886,positive,0.0625,0.012,-0.001599567051932203,0.025599567051932205,inconclusive,0.25,-0.766,-0.9392722184771696,-0.5927277815228305,positive,0.0625,0.058923076923076946,0.04559444473252542,0.07225170911362847,positive,0.0625,-0.12799999999999997,-0.15491431856837545,-0.10108568143162451,positive,0.0625,-0.18000000000000185,-0.26465662218633856,-0.09534337781366514,positive,0.0625,-0.916000000000001,-1.2398058533380776,-0.5921941466619244,positive,0.0625,0.03600000000000002,0.021845121830266455,0.05015487816973358,positive,0.0625,0.022,0.0035860991639468168,0.04041390083605318,positive,0.125,0.024268451854658736,-0.022313557216099733,0.0708504609254172,inconclusive,0.25,1.3325167729895437,1.0998860189349133,1.5651475270441741,positive,0.0625,1.0,1.0,1.0,1.0,1.0,1.0,1.0,1.0,1.0,1.0,1.0,1.0,1.0
gppo_event-minus-random_event,gppo_event,random_event,3x20,"[1, 2, 3, 4, 5]",-1.2075407449576503,-1.3867674212396008,-1.0283140686756997,positive,0.0625,0.0063353472614342985,0.00023881861683167777,0.01243187590603692,positive,0.125,0.03775706757011097,0.031746759227570705,0.04376737591265124,positive,0.0625,0.038,0.01958609916394682,0.056413900836053174,positive,0.0625,-0.7779999999999999,-0.9016489109697291,-0.6543510890302707,positive,0.0625,0.04422222222222225,0.0374189417644097,0.05102550268003481,positive,0.0625,0.08200000000000003,0.03863749379936631,0.12536250620063374,negative,0.0625,-0.04799999999999969,-0.21511427773831973,0.11911427773832037,inconclusive,0.5625,-1.4159999999999997,-1.7294053593925929,-1.1025946406074065,positive,0.0625,-0.052000000000000005,-0.06238684090568445,-0.04161315909431556,negative,0.0625,-0.092,-0.10818672246009055,-0.07581327753990945,negative,0.0625,-0.22291137980793158,-0.28334322985922095,-0.1624795297566422,negative,0.0625,1.207540744957654,1.0283140686757035,1.3867674212396046,positive,0.0625,1.0,1.0,1.0,1.0,1.0,1.0,1.0,1.0,1.0,1.0,1.0,1.0,1.0
gppo_event-minus-random_event,gppo_event,random_event,4x24,"[1, 2, 3, 4, 5]",-2.5428792865524272,-2.8862387838739036,-2.199519789230951,positive,0.0625,0.005083333333333262,0.0033912758743666607,0.006775390792299863,positive,0.0625,0.07050000000000005,0.06400410397934894,0.07699589602065116,positive,0.0625,0.036000000000000004,0.02489600000000001,0.047104,positive,0.0625,-1.6920000000000002,-1.8479015044956268,-1.5360984955043735,positive,0.0625,0.10575000000000005,0.09600615596902337,0.11549384403097673,positive,0.0625,-0.016000000000000014,-0.05176625806538895,0.01976625806538892,inconclusive,0.375,-0.3240000000000016,-0.40521875803039803,-0.2427812419696052,positive,0.0625,-4.087999999999999,-4.860277013346894,-3.3157229866531037,positive,0.0625,0.0,-0.0291149336252034,0.0291149336252034,inconclusive,1.0,-0.00800000000000001,-0.028399350577898316,0.012399350577898295,inconclusive,0.5,-0.037168365577976537,-0.060545907741296826,-0.013790823414656248,negative,0.0625,2.5428792865524237,2.1995197892309477,2.8862387838738996,positive,0.0625,1.0,1.0,1.0,1.0,1.0,1.0,1.0,1.0,1.0,1.0,1.0,1.0,1.0
gppo_event-minus-greedy_event,gppo_event,greedy_event,2x12,"[1, 2, 3, 4, 5]",-0.2171377991807802,-0.4697441545476819,0.03546855618612155,inconclusive,0.0625,0.0017367916397327044,-0.0012020986220099119,0.004675681901475321,inconclusive,0.1875,0.003626739926739941,-0.002145437279643214,0.009398917133123096,inconclusive,0.25,-0.017999999999999995,-0.040207999999999994,0.004208,inconclusive,0.25,-0.04599999999999973,-0.12028069746576117,0.028280697465761707,inconclusive,0.25,0.002714285714285758,-0.002036302339539053,0.0074648737681105685,inconclusive,0.25,-0.01,-0.029629284245738553,0.009629284245738555,inconclusive,0.375,-0.039999999999999855,-0.16289875898478406,0.08289875898478437,inconclusive,0.375,-0.17000000000000065,-0.28612841168293024,-0.053871588317071034,positive,0.0625,0.021999999999999992,0.008400432948067778,0.03559956705193221,positive,0.0625,0.041999999999999996,0.03161315909431554,0.05238684090568445,positive,0.0625,0.15236900780379042,0.10263878781885406,0.2020992277887268,positive,0.0625,0.21713779918078088,-0.0354685561861198,0.4697441545476816,inconclusive,0.0625,1.0,1.0,1.0,1.0,1.0,1.0,1.0,1.0,1.0,1.0,1.0,1.0,1.0
gppo_event-minus-greedy_event,gppo_event,greedy_event,3x16,"[1, 2, 3, 4, 5]",-0.15461455534551477,-0.38724530940014706,0.07801619870911752,inconclusive,0.125,0.0023553921568628235,0.0005657193433094409,0.004145064970416206,positive,0.0625,0.0005049019607841654,-0.010170877391434805,0.011180681313003137,inconclusive,0.9375,0.012,-0.001599567051932203,0.025599567051932205,inconclusive,0.25,-0.016000000000000014,-0.18927221847716952,0.1572722184771695,inconclusive,0.875,0.0012307692307693464,-0.012097862959782178,0.01455940142132087,inconclusive,0.875,0.042,0.015085681431624538,0.06891431856837546,negative,0.0625,0.11000000000000085,0.025343377813664136,0.19465662218633756,negative,0.125,-0.07600000000000122,-0.3998058533380779,0.24780585333807542,inconclusive,0.625,-0.004000000000000015,-0.018154878169733574,0.010154878169733542,inconclusive,0.75,-0.01800000000000001,-0.03641390083605319,0.0004139008360531729,inconclusive,0.125,-0.05906488147867458,-0.10564689054943305,-0.01248287240791611,negative,0.0625,0.1546145553455151,-0.07801619870911541,0.3872453094001456,inconclusive,0.125,1.0,1.0,1.0,1.0,1.0,1.0,1.0,1.0,1.0,1.0,1.0,1.0,1.0
gppo_event-minus-greedy_event,gppo_event,greedy_event,3x20,"[1, 2, 3, 4, 5]",0.05196648194602531,-0.12726019433592528,0.23119315822797587,inconclusive,0.5,-0.004032053453792606,-0.010128582098395227,0.002064475190810015,inconclusive,0.0625,-0.021687972896668704,-0.02769828123920897,-0.01567766455412844,negative,0.0625,-0.022000000000000002,-0.04041390083605318,-0.0035860991639468237,negative,0.125,0.45200000000000007,0.3283510890302709,0.5756489109697293,negative,0.0625,-0.024666666666666857,-0.03146994712447941,-0.017863386208854307,negative,0.0625,0.10200000000000001,0.05863749379936629,0.14536250620063373,negative,0.0625,0.1019999999999989,-0.06511427773832115,0.269114277738319,inconclusive,0.1875,0.12399999999999949,-0.18940535939259368,0.4374053593925927,inconclusive,0.3125,-0.011999999999999966,-0.022386840905684408,-0.0016131590943155218,negative,0.125,-0.04200000000000001,-0.05818672246009056,-0.025813277539909456,negative,0.0625,-0.12991242474001097,-0.19034427479130034,-0.0694805746887216,negative,0.0625,-0.0519664819460214,-0.231193158227972,0.1272601943359292,inconclusive,0.5,1.0,1.0,1.0,1.0,1.0,1.0,1.0,1.0,1.0,1.0,1.0,1.0,1.0
gppo_event-minus-greedy_event,gppo_event,greedy_event,4x24,"[1, 2, 3, 4, 5]",-0.41936909999863303,-0.7627285973201093,-0.07600960267715673,positive,0.0625,-0.0024166666666669114,-0.0041087241256335125,-0.00072460920770031,negative,0.0625,0.004250000000000131,-0.0022458960206509808,0.010745896020651242,inconclusive,0.1875,0.006000000000000002,-0.005103999999999997,0.017104,inconclusive,0.375,-0.10200000000000031,-0.2579015044956271,0.053901504495626446,inconclusive,0.1875,0.006375000000000064,-0.003368844030976619,0.016118844030976746,inconclusive,0.1875,-0.016000000000000014,-0.05176625806538895,0.01976625806538892,inconclusive,0.375,-0.2240000000000002,-0.3052187580303966,-0.1427812419696038,positive,0.0625,-0.5879999999999995,-1.3602770133468949,0.18427701334689583,inconclusive,0.1875,0.010000000000000009,-0.01911493362520339,0.03911493362520341,inconclusive,0.5,0.001999999999999999,-0.018399350577898307,0.022399350577898304,inconclusive,1.0,-0.01985234826195925,-0.04322989042527954,0.0035251939013610373,inconclusive,0.125,0.4193690999986348,0.0760096026771589,0.7627285973201108,positive,0.0625,1.0,1.0,1.0,1.0,1.0,1.0,1.0,1.0,1.0,1.0,1.0,1.0,1.0
