method_id,scale,training_seed,evaluation_episodes,makespan,completion_rate,deadline_completion_rate,mission_success,deadline_remaining_tasks,throughput,invalid_actions,communication_events,heartbeat_messages,reallocated_tasks,reallocation_successes,reallocation_success_rate,return
gppo_always,2x12,1,100,17.436655403674383,0.9048763736263736,0.7659853479853479,0.11,2.96,0.6864285714285714,0.0,31.72,9.58,0.26,0.08,0.3076923076923077,-6.376006622225382
gppo_always,2x12,2,100,17.39915865768539,0.9064478021978022,0.762679487179487,0.1,3.0,0.6835714285714285,0.0,31.66,9.6,0.25,0.09,0.36,-6.338509876236394
gppo_always,2x12,3,100,17.343235048395204,0.9072170329670332,0.769565934065934,0.12,2.92,0.6892857142857142,0.0,31.52,9.63,0.24,0.08,0.3333333333333333,-6.2825862669462085
gppo_always,2x12,4,100,17.351610544988365,0.9055503663003662,0.774456043956044,0.11,2.86,0.6935714285714285,0.0,31.59,9.52,0.25,0.09,0.36,-6.290961763539366
gppo_always,2x12,5,100,17.43819412322521,0.9048763736263736,0.768201465201465,0.09,2.93,0.6885714285714286,0.0,31.69,9.69,0.26,0.09,0.34615384615384615,-6.37754534177621
gppo_always,3x16,1,100,18.702099397035514,0.9417524509803923,0.737998366013072,0.04,4.33,0.9392307692307691,0.0,39.75,25.49,0.28,0.13,0.4642857142857143,-6.301066792019088
gppo_always,3x16,2,100,18.8932824772773,0.9398774509803922,0.7255759803921568,0.01,4.53,0.9238461538461539,0.0,39.86,25.53,0.26,0.13,0.5,-6.492249872260876
gppo_always,3x16,3,100,19.499127405895436,0.9374509803921569,0.7093831699346406,0.0,4.8,0.9030769230769231,0.0,40.66,26.04,0.26,0.11,0.4230769230769231,-7.0980948008790135
gppo_always,3x16,4,100,18.72930325967169,0.9415767973856208,0.7283210784313725,0.0,4.49,0.9269230769230771,0.0,39.83,25.51,0.26,0.11,0.4230769230769231,-6.328270654655261
gppo_always,3x16,5,100,18.95928809333209,0.9410580065359477,0.7371609477124182,0.0,4.34,0.9384615384615383,0.0,40.23,25.71,0.29,0.12,0.41379310344827586,-6.558255488315667
gppo_always,3x20,1,100,23.097162717839915,0.9385976849237718,0.8055077169207605,0.07,4.04,0.9261111111111111,0.0,46.87,28.65,0.28,0.09,0.32142857142857145,-10.410719041006736
gppo_always,3x20,2,100,22.98597010333217,0.9351083192170148,0.8040013175230568,0.08,4.07,0.9244444444444444,0.0,46.61,28.38,0.3,0.12,0.4,-10.299526426498996
gppo_always,3x20,3,100,23.308706031048317,0.9290159984942593,0.7797166384340296,0.05,4.58,0.896111111111111,0.0,46.74,28.81,0.28,0.1,0.35714285714285715,-10.622262354215133
gppo_always,3x20,4,100,23.116403784480283,0.935898833051007,0.798651138716356,0.09,4.19,0.9177777777777777,0.0,46.83,28.6,0.29,0.13,0.4482758620689655,-10.429960107647107
gppo_always,3x20,5,100,22.838036905327716,0.9347105213626952,0.8062268962921137,0.06,4.02,0.9266666666666667,0.0,46.44,28.19,0.26,0.09,0.34615384615384615,-10.151593228494544
gppo_always,4x24,1,100,20.987826600008958,0.9691666666666667,0.8274999999999999,0.06,4.14,1.24125,0.0,52.53,46.04,0.21,0.11,0.5238095238095238,-8.173463951325314
gppo_always,4x24,2,100,21.36298007951561,0.97,0.8183333333333335,0.03,4.36,1.2275,0.0,52.91,46.63,0.22,0.13,0.5909090909090909,-8.548617430831962
gppo_always,4x24,3,100,21.75852108981048,0.96875,0.8079166666666667,0.02,4.61,1.211875,0.0,53.51,47.26,0.22,0.13,0.5909090909090909,-8.944158441126833
gppo_always,4x24,4,100,21.261317758534474,0.97,0.8266666666666665,0.03,4.16,1.24,0.0,53.07,46.38,0.21,0.13,0.6190476190476191,-8.446955109850824
gppo_always,4x24,5,100,21.143960277165096,0.97,0.8241666666666667,0.04,4.22,1.23625,0.0,52.6,46.39,0.2,0.1,0.5,-8.329597628481453
gppo_event,2x12,1,100,17.38113307191803,0.9024376212023271,0.7591923076923076,0.1,3.04,0.6807142857142856,0.1,14.9,9.65,0.26,0.07,0.2692307692307692,-6.320484290469031
gppo_event,2x12,2,100,17.540224326926765,0.9049954212454212,0.7592912087912089,0.09,3.05,0.68,0.12,15.05,9.66,0.26,0.09,0.34615384615384615,-6.479575545477767
gppo_event,2x12,3,100,17.287152490024102,0.9039789377289377,0.7664890109890109,0.12,2.95,0.6857142857142857,0.09,14.9,9.62,0.24,0.08,0.3333333333333333,-6.226503708575104
gppo_event,2x12,4,100,17.049634373339615,0.9012866300366299,0.7698498168498168,0.12,2.91,0.6892857142857143,0.11,14.84,9.53,0.26,0.08,0.3076923076923077,-5.988985591890618
gppo_event,2x12,5,100,17.5362178039056,0.9074093406593406,0.7648864468864467,0.08,2.97,0.685,0.08,15.06,9.79,0.24,0.09,0.375,-6.475569022456601
gppo_event,3x16,1,100,19.019477231316284,0.9417156862745099,0.7356413398692809,0.02,4.37,0.9361538461538461,0.21,19.91,25.76,0.28,0.12,0.42857142857142855,-6.618444626299858
gppo_event,3x16,2,100,18.618439129691616,0.9405024509803921,0.7406781045751635,0.02,4.29,0.9423076923076923,0.22,19.74,25.23,0.29,0.14,0.4827586206896552,-6.2174065246751935
gppo_event,3x16,3,100,19.111746988952156,0.9379330065359477,0.7190236928104575,0.0,4.64,0.9153846153846154,0.21,19.83,25.93,0.26,0.1,0.38461538461538464,-6.710714383935729
gppo_event,3x16,4,100,18.972606111626387,0.9391830065359477,0.7345710784313725,0.02,4.39,0.9346153846153846,0.26,19.88,25.56,0.28,0.13,0.4642857142857143,-6.571573506609964
gppo_event,3x16,5,100,18.95627844176295,0.9404330065359477,0.7260416666666667,0.0,4.53,0.9238461538461538,0.21,19.89,25.59,0.27,0.12,0.4444444444444444,-6.555245836746526
gppo_event,3x20,1,100,23.36486223641637,0.9357816676077545,0.7956232825145867,0.07,4.25,0.9150000000000001,0.54,24.21,28.71,0.27,0.11,0.4074074074074074,-10.678418559583193
gppo_event,3x20,2,100,23.333680850054378,0.9377446828533786,0.8038438735177864,0.1,4.08,0.9244444444444444,0.52,24.03,28.57,0.28,0.08,0.2857142857142857,-10.6472371732212
gppo_event,3x20,3,100,23.05798768790488,0.9257040278562016,0.7921727837380012,0.08,4.32,0.9111111111111111,0.61,23.83,28.04,0.29,0.11,0.3793103448275862,-10.3715440110717
gppo_event,3x20,4,100,23.142842114956185,0.9372383775644646,0.8009522868435911,0.08,4.14,0.9205555555555557,0.58,24.03,28.44,0.28,0.09,0.32142857142857145,-10.456398438123003
gppo_event,3x20,5,100,23.07757001565124,0.9342273668360626,0.8019177489177488,0.06,4.12,0.9222222222222223,0.56,24.01,28.36,0.27,0.1,0.37037037037037035,-10.391126338818065
gppo_event,4x24,1,100,21.501494275896842,0.9704166666666666,0.8191666666666666,0.04,4.34,1.22875,0.35,27.8,46.43,0.24,0.15,0.625,-8.687131627213205
gppo_event,4x24,2,100,21.71082323538831,0.9699999999999999,0.8154166666666667,0.04,4.43,1.223125,0.34,27.8,46.96,0.24,0.14,0.5833333333333334,-8.896460586704668
gppo_event,4x24,3,100,21.953539190737466,0.9716666666666666,0.8083333333333332,0.02,4.6,1.2125,0.39,27.86,47.77,0.23,0.14,0.6086956521739131,-9.139176542053818
gppo_event,4x24,4,100,21.335723119621793,0.9704166666666666,0.8216666666666665,0.04,4.28,1.2325,0.38,27.72,46.31,0.2,0.12,0.6,-8.521360470938143
gppo_event,4x24,5,100,21.28675887850661,0.9679166666666665,0.8129166666666666,0.04,4.49,1.219375,0.41,27.7,46.34,0.19,0.11,0.5789473684210527,-8.472396229822966
gppo_event_no_gate,2x12,1,100,17.125446210819334,0.90378663003663,0.7743553113553113,0.16,2.85,0.6935714285714285,0.11,14.87,9.54,0.23,0.07,0.30434782608695654,-6.064797429370336
gppo_event_no_gate,2x12,2,100,17.382830534766658,0.905709706959707,0.768201465201465,0.08,2.93,0.6885714285714286,0.12,15.0,9.65,0.26,0.08,0.3076923076923077,-6.32218175331766
gppo_event_no_gate,2x12,3,100,17.51098728545623,0.9058067765567767,0.7616263736263734,0.07,3.01,0.682142857142857,0.09,15.01,9.67,0.25,0.09,0.36,-6.450338504007231
gppo_event_no_gate,2x12,4,100,17.211815320457163,0.9031694139194139,0.7721208791208789,0.15,2.87,0.6914285714285714,0.09,14.85,9.58,0.24,0.08,0.3333333333333333,-6.151166539008164
gppo_event_no_gate,2x12,5,100,17.590424711977064,0.9031144688644689,0.7562692307692308,0.1,3.08,0.6778571428571428,0.08,15.01,9.73,0.27,0.09,0.3333333333333333,-6.529775930528063
gppo_event_no_gate,3x16,1,100,18.888297509423158,0.9417156862745099,0.7330678104575163,0.02,4.41,0.933076923076923,0.18,19.83,25.63,0.28,0.11,0.39285714285714285,-6.487264904406732
gppo_event_no_gate,3x16,2,100,18.818061821389183,0.9416462418300654,0.7362745098039215,0.03,4.36,0.9369230769230767,0.19,19.84,25.76,0.28,0.12,0.42857142857142855,-6.417029216372762
gppo_event_no_gate,3x16,3,100,18.976063087501412,0.9387745098039215,0.7295343137254902,0.0,4.47,0.9284615384615384,0.22,19.85,25.68,0.24,0.1,0.4166666666666667,-6.575030482484989
gppo_event_no_gate,3x16,4,100,19.183176340529602,0.9398815359477125,0.7155596405228759,0.01,4.7,0.9107692307692307,0.23,19.87,25.9,0.29,0.13,0.4482758620689655,-6.782143735513174
gppo_event_no_gate,3x16,5,100,18.9922874629645,0.9435253267973858,0.7343259803921569,0.0,4.39,0.9346153846153845,0.19,19.93,25.5,0.25,0.13,0.52,-6.59125485794808
gppo_event_no_gate,3x20,1,100,23.77366827476193,0.9328144174665912,0.794619235836627,0.09,4.27,0.9133333333333333,0.6,24.07,28.57,0.3,0.09,0.3,-11.087224597928753
gppo_event_no_gate,3x20,2,100,23.302321162057112,0.9331434217955957,0.7987147562582346,0.12,4.18,0.9183333333333334,0.59,23.91,28.79,0.28,0.11,0.39285714285714285,-10.615877485223928
gppo_event_no_gate,3x20,3,100,23.164972255838116,0.9332841144362883,0.8017902315076227,0.08,4.12,0.9211111111111111,0.54,23.93,28.32,0.29,0.11,0.3793103448275862,-10.478528579004939
gppo_event_no_gate,3x20,4,100,23.579373099714285,0.9270479013739883,0.7786757952192737,0.04,4.6,0.8955555555555554,0.57,23.92,28.81,0.26,0.1,0.38461538461538464,-10.892929422881107
gppo_event_no_gate,3x20,5,100,23.156027520063184,0.93297628458498,0.8008695652173914,0.08,4.14,0.9211111111111111,0.48,23.94,28.73,0.29,0.11,0.3793103448275862,-10.469583843230005
gppo_event_no_gate,4x24,1,100,21.723292828718282,0.9691666666666666,0.8195833333333333,0.02,4.33,1.229375,0.34,27.78,47.0,0.17,0.1,0.5882352941176471,-8.908930180034636
gppo_event_no_gate,4x24,2,100,21.10850450565603,0.9695833333333332,0.8270833333333333,0.04,4.15,1.240625,0.4,27.78,46.07,0.18,0.1,0.5555555555555556,-8.294141856972384
gppo_event_no_gate,4x24,3,100,21.732029432605554,0.9691666666666667,0.8099999999999998,0.02,4.56,1.215,0.32,27.74,47.21,0.23,0.14,0.6086956521739131,-8.917666783921913
gppo_event_no_gate,4x24,4,100,22.16325593217846,0.9695833333333332,0.7995833333333334,0.02,4.81,1.199375,0.43,27.95,47.96,0.24,0.15,0.625,-9.348893283494812
gppo_event_no_gate,4x24,5,100,21.556852343322188,0.9687499999999999,0.8154166666666667,0.03,4.43,1.223125,0.41,27.79,46.71,0.21,0.11,0.5238095238095238,-8.742489694638543
gppo_event_single_head,2x12,1,100,17.281828748103834,0.9064478021978022,0.7785311355311353,0.13,2.8,0.6978571428571427,0.14,15.02,9.59,0.23,0.06,0.2608695652173913,-6.2211799666548355
gppo_event_single_head,2x12,2,100,17.310033568449427,0.9073122710622711,0.7755164835164834,0.13,2.84,0.695,0.12,15.0,9.49,0.25,0.08,0.32,-6.249384787000426
gppo_event_single_head,2x12,3,100,17.725890129899707,0.9050969618616677,0.7610604395604395,0.09,3.02,0.682142857142857,0.13,15.16,9.67,0.25,0.07,0.28,-6.665241348450712
gppo_event_single_head,2x12,4,100,17.452290156109157,0.905709706959707,0.766058608058608,0.08,2.96,0.6864285714285714,0.09,15.01,9.59,0.25,0.07,0.28,-6.391641374660161
gppo_event_single_head,2x12,5,100,17.494512673974647,0.9050969618616677,0.769456043956044,0.12,2.91,0.69,0.09,15.09,9.62,0.25,0.08,0.32,-6.4338638925256495
gppo_event_single_head,3x16,1,100,18.632343212243946,0.942859477124183,0.7428553921568627,0.02,4.25,0.9453846153846154,0.21,19.74,25.48,0.24,0.11,0.4583333333333333,-6.23131060722752
gppo_event_single_head,3x16,2,100,18.55026886008425,0.9404656862745098,0.7434395424836602,0.02,4.24,0.946153846153846,0.23,19.75,25.14,0.29,0.12,0.41379310344827586,-6.149236255067825
gppo_event_single_head,3x16,3,100,18.700722503771086,0.9422712418300654,0.7466952614379087,0.02,4.19,0.95,0.19,19.85,25.28,0.29,0.13,0.4482758620689655,-6.299689898754663
gppo_event_single_head,3x16,4,100,18.608107241311576,0.9422344771241831,0.7370792483660129,0.01,4.34,0.9384615384615383,0.18,19.74,25.38,0.28,0.12,0.42857142857142855,-6.207074636295151
gppo_event_single_head,3x16,5,100,18.734823440594088,0.9411274509803921,0.739281045751634,0.02,4.31,0.9407692307692307,0.19,19.77,25.44,0.31,0.14,0.45161290322580644,-6.333790835577666
gppo_event_single_head,3x20,1,100,22.775607073072695,0.9342364953886693,0.8114217014869187,0.12,3.92,0.9322222222222224,0.56,23.79,28.24,0.29,0.13,0.4482758620689655,-10.089163396239512
gppo_event_single_head,3x20,2,100,23.21933718947345,0.9375784867306607,0.8036949934123847,0.06,4.08,0.923888888888889,0.59,24.13,28.53,0.29,0.11,0.3793103448275862,-10.532893512640264
gppo_event_single_head,3x20,3,100,23.036293952443668,0.9347386598908338,0.8056043666478448,0.06,4.04,0.9261111111111111,0.56,24.01,28.59,0.3,0.13,0.43333333333333335,-10.349850275610482
gppo_event_single_head,3x20,4,100,23.350933536120642,0.937718897044984,0.7989130434782608,0.08,4.18,0.9183333333333334,0.5,24.04,28.78,0.27,0.11,0.4074074074074074,-10.664489859287462
gppo_event_single_head,3x20,5,100,23.13866489157481,0.940519292301901,0.814908243929983,0.1,3.85,0.9372222222222223,0.45,24.13,28.28,0.28,0.09,0.32142857142857145,-10.452221214741629
gppo_event_single_head,4x24,1,100,21.073814082737314,0.9729166666666668,0.8304166666666666,0.04,4.07,1.245625,0.32,27.75,45.88,0.21,0.12,0.5714285714285714,-8.259451434053664
gppo_event_single_head,4x24,2,100,21.36874141967123,0.9704166666666666,0.8175,0.03,4.38,1.22625,0.31,27.65,46.52,0.21,0.12,0.5714285714285714,-8.55437877098759
gppo_event_single_head,4x24,3,100,21.119460894048107,0.9704166666666666,0.8279166666666667,0.04,4.13,1.241875,0.31,27.7,46.18,0.21,0.13,0.6190476190476191,-8.305098245364466
gppo_event_single_head,4x24,4,100,21.310778775841445,0.9708333333333333,0.8299999999999998,0.04,4.08,1.245,0.41,27.75,46.04,0.21,0.13,0.6190476190476191,-8.496416127157804
gppo_event_single_head,4x24,5,100,21.346437217880776,0.9720833333333334,0.8304166666666667,0.04,4.07,1.245625,0.31,27.84,46.46,0.22,0.12,0.5454545454545454,-8.53207456919713
gppo_none,2x12,1,100,87.37011500369759,0.7206443173942165,0.693558608058608,0.03,3.88,0.62,85.46,0.0,11.64,0.25,0.0,0.0,-76.30946622224859
gppo_none,2x12,2,100,83.87597122447394,0.738522743478609,0.752521978021978,0.11,3.14,0.6728571428571428,81.59,0.0,11.27,0.22,0.0,0.0,-72.81532244302493
gppo_none,2x12,3,100,87.09548393736779,0.7416364616878315,0.7441703296703297,0.08,3.24,0.6657142857142858,84.96,0.0,11.61,0.24,0.0,0.0,-76.0348351559188
gppo_none,2x12,4,100,83.80150762641163,0.742130365474776,0.7549212454212454,0.12,3.1,0.6757142857142857,81.43,0.0,11.47,0.22,0.0,0.0,-72.74085884496266
gppo_none,2x12,5,100,86.87145606333627,0.727343955619245,0.7462765567765567,0.1,3.21,0.6678571428571428,84.9,0.0,11.39,0.21,0.0,0.0,-75.81080728188728
gppo_none,3x16,1,100,89.29429955516981,0.7677648170113339,0.684673202614379,0.0,5.22,0.8707692307692306,89.06,0.0,34.24,0.23,0.0,0.0,-76.89326695015339
gppo_none,3x16,2,100,94.30808408171593,0.7507624350829022,0.6923488562091503,0.01,5.09,0.8807692307692306,94.82,0.0,34.5,0.22,0.0,0.0,-81.90705147669951
gppo_none,3x16,3,100,86.45322180221727,0.7708160002472663,0.7006535947712418,0.0,4.96,0.8915384615384615,86.46,0.0,33.36,0.23,0.0,0.0,-74.05218919720085
gppo_none,3x16,4,100,88.84705330682942,0.7851838782319669,0.7275939542483659,0.01,4.51,0.9253846153846154,88.95,0.0,33.88,0.24,0.0,0.0,-76.446020701813
gppo_none,3x16,5,100,92.13593894418824,0.7666480310867846,0.7192728758169935,0.01,4.64,0.9153846153846154,92.51,0.0,34.8,0.24,0.0,0.0,-79.73490633917181
gppo_none,3x20,1,100,103.39405070807007,0.8123603425559947,0.7557092038396387,0.04,5.08,0.8688888888888888,101.48,0.0,40.87,0.28,0.0,0.0,-90.70760703123688
gppo_none,3x20,2,100,102.59745990726866,0.8085905797101448,0.7537249200075287,0.02,5.12,0.8666666666666667,101.08,0.0,39.81,0.28,0.0,0.0,-89.9110162304355
gppo_none,3x20,3,100,101.4760944020873,0.815145256916996,0.7492663278750235,0.05,5.21,0.8616666666666667,100.52,0.0,39.77,0.26,0.0,0.0,-88.78965072525412
gppo_none,3x20,4,100,100.02462447524665,0.8111030020703934,0.7615465838509317,0.05,4.96,0.8755555555555554,97.77,0.0,39.86,0.29,0.0,0.0,-87.33818079841349
gppo_none,3x20,5,100,107.31080089064257,0.7956874176548088,0.7500527950310559,0.04,5.19,0.8627777777777779,105.96,0.0,40.87,0.29,0.0,0.0,-94.62435721380938
gppo_none,4x24,1,100,38.59467779211901,0.9370833333333334,0.7937500000000002,0.01,4.95,1.190625,27.52,0.0,48.94,0.23,0.0,0.0,-25.78031514343536
gppo_none,4x24,2,100,42.6775210707761,0.935,0.7829166666666665,0.03,5.21,1.174375,31.37,0.0,50.03,0.2,0.0,0.0,-29.863158422092457
gppo_none,4x24,3,100,35.258859736087985,0.9504166666666666,0.8004166666666667,0.02,4.79,1.200625,23.77,0.0,49.9,0.18,0.0,0.0,-22.444497087404343
gppo_none,4x24,4,100,35.80391555245572,0.9541666666666666,0.8083333333333332,0.06,4.6,1.2125,24.25,0.0,48.21,0.19,0.0,0.0,-22.989552903772086
gppo_none,4x24,5,100,44.90210995402061,0.9337499999999999,0.7729166666666667,0.03,5.45,1.159375,33.44,0.0,52.06,0.25,0.0,0.0,-32.08774730533697
gppo_periodic,2x12,1,100,18.643175767981898,0.9046199633699633,0.7499963369963369,0.07,3.17,0.6714285714285714,3.37,8.21,9.64,0.26,0.09,0.34615384615384615,-7.5825269865329
gppo_periodic,2x12,2,100,19.375416613313956,0.9069207875457874,0.7479816849816849,0.08,3.19,0.67,4.09,8.55,9.69,0.26,0.08,0.3076923076923077,-8.314767831864955
gppo_periodic,2x12,3,100,17.738152941853585,0.905709706959707,0.7619450549450548,0.09,3.02,0.6821428571428573,2.32,7.7,9.61,0.26,0.09,0.34615384615384615,-6.677504160404587
gppo_periodic,2x12,4,100,18.953509866554565,0.9027487071751779,0.7716062271062271,0.12,2.88,0.6907142857142857,3.87,8.38,9.5,0.25,0.07,0.28,-7.892861085105568
gppo_periodic,2x12,5,100,19.297033506209367,0.9083411172161172,0.7555897435897435,0.08,3.09,0.677142857142857,3.93,8.55,9.67,0.25,0.09,0.36,-8.23638472476037
gppo_periodic,3x16,1,100,19.274335865182653,0.94109477124183,0.7323080065359477,0.0,4.42,0.9323076923076923,3.31,8.75,26.09,0.27,0.13,0.48148148148148145,-6.873303260166226
gppo_periodic,3x16,2,100,20.777839436287344,0.9383270983832129,0.729125816993464,0.01,4.48,0.9276923076923077,5.15,9.49,25.56,0.31,0.13,0.41935483870967744,-8.376806831270923
gppo_periodic,3x16,3,100,21.78540767325004,0.9418878998968009,0.7397303921568629,0.02,4.3,0.9415384615384617,6.56,10.0,26.05,0.27,0.13,0.48148148148148145,-9.384375068233613
gppo_periodic,3x16,4,100,24.223453763676638,0.9362577092240406,0.7236764705882353,0.0,4.58,0.9207692307692308,8.69,11.25,26.14,0.31,0.16,0.5161290322580645,-11.82242115866021
gppo_periodic,3x16,5,100,20.05094152571992,0.9404754901960785,0.7369321895424836,0.02,4.35,0.9376923076923077,4.46,9.14,25.62,0.29,0.15,0.5172413793103449,-7.649908920703496
gppo_periodic,3x20,1,100,26.760101849613257,0.930196452098626,0.7933644833427443,0.06,4.3,0.9122222222222223,8.0,12.29,29.07,0.31,0.13,0.41935483870967744,-14.073658172780085
gppo_periodic,3x20,2,100,25.014116575180118,0.9353702710333145,0.7982018633540373,0.07,4.2,0.9172222222222223,5.9,11.3,28.79,0.3,0.11,0.36666666666666664,-12.327672898346934
gppo_periodic,3x20,3,100,22.717899306190567,0.9347878787878788,0.8189795783926219,0.09,3.76,0.9416666666666668,4.29,10.23,27.81,0.27,0.09,0.3333333333333333,-10.031455629357389
gppo_periodic,3x20,4,100,26.063256534793656,0.932463768115942,0.7825246565029172,0.06,4.53,0.9,7.12,11.93,29.42,0.31,0.14,0.45161290322580644,-13.376812857960473
gppo_periodic,3x20,5,100,23.05308142246239,0.9322427065687936,0.8051557500470544,0.08,4.05,0.9255555555555556,4.35,10.4,27.97,0.28,0.09,0.32142857142857145,-10.366637745629212
gppo_periodic,4x24,1,100,21.660540693612496,0.97,0.8200000000000002,0.03,4.32,1.23,2.59,10.09,46.48,0.19,0.11,0.5789473684210527,-8.846178044928854
gppo_periodic,4x24,2,100,21.551841017247135,0.9704166666666666,0.8212500000000001,0.03,4.29,1.231875,2.28,10.03,46.65,0.2,0.11,0.55,-8.737478368563487
gppo_periodic,4x24,3,100,22.339250757502874,0.9679166666666668,0.8254166666666669,0.03,4.19,1.238125,3.67,10.37,46.34,0.21,0.13,0.6190476190476191,-9.524888108819225
gppo_periodic,4x24,4,100,21.594688809211263,0.9704166666666666,0.8129166666666667,0.02,4.49,1.219375,2.58,10.09,46.8,0.19,0.12,0.631578947368421,-8.780326160527615
gppo_periodic,4x24,5,100,21.368447835345446,0.9729166666666668,0.8279166666666665,0.05,4.13,1.241875,2.38,9.94,46.19,0.22,0.14,0.6363636363636364,-8.554085186661798
greedy_event,2x12,-1,100,17.576010212403602,0.9022847985347986,0.7603150183150182,0.12,3.03,0.6814285714285714,0.11,14.99,9.82,0.23,0.04,0.17391304347826086,-6.515361430954605
greedy_event,3x16,-1,100,19.090324136015393,0.9375980392156862,0.7306862745098041,0.0,4.46,0.9292307692307691,0.18,19.74,25.69,0.28,0.14,0.5,-6.689291530998969
greedy_event,3x20,-1,100,23.143422099050586,0.938171277997365,0.8205899680030115,0.1,3.73,0.9433333333333336,0.46,23.92,28.3,0.29,0.14,0.4827586206896552,-10.45697842221741
greedy_event,4x24,-1,100,21.977036840028838,0.9725000000000001,0.8112499999999998,0.03,4.53,1.216875,0.39,28.0,47.35,0.21,0.13,0.6190476190476191,-9.162674191345195
ppo_event,2x12,1,100,18.135372652083603,0.8988873626373626,0.7443717948717947,0.07,3.23,0.6671428571428573,0.13,15.19,9.86,0.23,0.05,0.21739130434782608,-7.074723870634603
ppo_event,2x12,2,100,17.718430568503276,0.904382676147382,0.7540641025641025,0.08,3.11,0.6757142857142857,0.12,15.15,9.74,0.24,0.07,0.2916666666666667,-6.657781787054278
ppo_event,2x12,3,100,17.55026428389381,0.903169413919414,0.7572124542124541,0.12,3.06,0.6778571428571429,0.14,14.89,9.69,0.19,0.05,0.2631578947368421,-6.4896155024448126
ppo_event,2x12,4,100,17.93052485923245,0.9032335164835166,0.744941391941392,0.11,3.23,0.667142857142857,0.14,15.04,9.68,0.22,0.07,0.3181818181818182,-6.869876077783451
ppo_event,2x12,5,100,17.858166369661514,0.9010493428140487,0.7587252747252746,0.09,3.05,0.68,0.11,15.07,9.66,0.25,0.06,0.24,-6.797517588212515
ppo_event,3x16,1,100,18.683867747230227,0.943623366013072,0.7503839869281046,0.02,4.13,0.9546153846153845,0.15,19.69,25.35,0.27,0.12,0.4444444444444444,-6.282835142213804
ppo_event,3x16,2,100,18.922573933049225,0.9391830065359477,0.7272549019607844,0.01,4.51,0.9253846153846155,0.2,19.76,25.48,0.26,0.1,0.38461538461538464,-6.521541328032802
ppo_event,3x16,3,100,19.65058113667765,0.9386274509803921,0.7143709150326798,0.01,4.72,0.9092307692307693,0.19,19.91,26.24,0.28,0.12,0.42857142857142855,-7.249548531661227
ppo_event,3x16,4,100,18.766931779748376,0.9417851307189542,0.7357393790849673,0.02,4.37,0.936153846153846,0.17,19.73,25.4,0.25,0.12,0.48,-6.365899174731952
ppo_event,3x16,5,100,18.60074189263107,0.9429656862745098,0.7483946078431373,0.02,4.16,0.9523076923076923,0.17,19.73,25.36,0.28,0.11,0.39285714285714285,-6.199709287614647
ppo_event,3x20,1,100,23.059298454350646,0.9377708450969321,0.8158778467908903,0.08,3.83,0.9383333333333335,0.41,23.97,28.18,0.28,0.15,0.5357142857142857,-10.372854777517468
ppo_event,3x20,2,100,23.773753379805818,0.9299486166007904,0.7849934123847165,0.04,4.47,0.9022222222222223,0.67,24.05,28.71,0.31,0.13,0.41935483870967744,-11.087309702972641
ppo_event,3x20,3,100,23.74770729908199,0.9313793525315264,0.791418501788067,0.07,4.34,0.9094444444444446,0.57,23.97,28.92,0.31,0.14,0.45161290322580644,-11.061263622248806
ppo_event,3x20,4,100,23.321384194492538,0.9361301524562394,0.8063738001129305,0.07,4.02,0.9272222222222224,0.47,23.99,28.54,0.3,0.13,0.43333333333333335,-10.634940517659356
ppo_event,3x20,5,100,23.337108592176833,0.9381559382646338,0.8088671183888573,0.06,3.97,0.9305555555555556,0.54,24.16,28.68,0.31,0.12,0.3870967741935484,-10.65066491534365
ppo_event,4x24,1,100,22.12635004587948,0.9720833333333334,0.8066666666666668,0.05,4.64,1.21,0.21,27.93,47.53,0.19,0.11,0.5789473684210527,-9.31198739719584
ppo_event,4x24,2,100,22.075070539035018,0.9708333333333333,0.8095833333333333,0.01,4.57,1.214375,0.37,27.88,47.77,0.2,0.12,0.6,-9.260707890351377
ppo_event,4x24,3,100,21.93032760470147,0.9704166666666666,0.805,0.02,4.68,1.2075,0.3,27.83,47.46,0.19,0.12,0.631578947368421,-9.115964956017816
ppo_event,4x24,4,100,21.757619364684707,0.9720833333333333,0.8145833333333331,0.04,4.45,1.221875,0.31,27.77,47.13,0.21,0.12,0.5714285714285714,-8.943256716001061
ppo_event,4x24,5,100,21.742062335778236,0.9729166666666668,0.8191666666666667,0.03,4.34,1.22875,0.34,27.84,47.38,0.19,0.11,0.5789473684210527,-8.927699687094593
ppo_none,2x12,1,100,88.42996129329451,0.7208241142205337,0.7202802197802198,0.08,3.54,0.6442857142857144,86.44,0.0,11.73,0.25,0.0,0.0,-77.36931251184552
ppo_none,2x12,2,100,89.83377341295454,0.7220417726651237,0.697562271062271,0.07,3.83,0.6235714285714286,88.22,0.0,12.04,0.21,0.0,0.0,-78.77312463150554
ppo_none,2x12,3,100,87.06085093268783,0.7280107865541975,0.7045109890109891,0.07,3.75,0.63,84.64,0.0,11.6,0.21,0.0,0.0,-76.00020215123882
ppo_none,2x12,4,100,85.62936269569167,0.7350395757175775,0.7182014652014651,0.1,3.56,0.6421428571428571,83.24,0.0,11.57,0.21,0.0,0.0,-74.56871391424266
ppo_none,2x12,5,100,85.799295772385,0.7341237629012228,0.7106556776556776,0.06,3.66,0.6357142857142857,83.46,0.0,11.85,0.22,0.0,0.0,-74.738646990936
ppo_none,3x16,1,100,92.48555311287232,0.7688174612158157,0.7158088235294118,0.02,4.7,0.9107692307692306,92.6,0.0,35.21,0.26,0.0,0.0,-80.0845205078559
ppo_none,3x16,2,100,87.40217052582999,0.7752796078246845,0.700767973856209,0.01,4.95,0.8915384615384615,86.83,0.0,33.51,0.21,0.0,0.0,-75.00113792081355
ppo_none,3x16,3,100,87.99841826966474,0.7580225872021369,0.6863194444444445,0.01,5.19,0.8730769230769231,87.45,0.0,33.81,0.26,0.0,0.0,-75.59738566464833
ppo_none,3x16,4,100,90.83722498333253,0.7616177631894587,0.6712132352941176,0.0,5.44,0.8538461538461539,90.29,0.0,34.64,0.24,0.0,0.0,-78.4361923783161
ppo_none,3x16,5,100,87.73457944599423,0.7832745092212047,0.7012254901960785,0.0,4.95,0.8923076923076924,87.41,0.0,33.57,0.21,0.0,0.0,-75.33354684097777
ppo_none,3x20,1,100,102.32271539875931,0.8110886975343496,0.7690978731413513,0.04,4.79,0.8844444444444445,100.82,0.0,39.44,0.26,0.0,0.0,-89.63627172192615
ppo_none,3x20,2,100,107.748494537859,0.8054407114624504,0.7448009599096557,0.04,5.31,0.8566666666666667,106.99,0.0,41.93,0.26,0.0,0.0,-95.06205086102582
ppo_none,3x20,3,100,104.06414289230233,0.8099761434217955,0.7538166760775457,0.04,5.13,0.8666666666666667,102.68,0.0,41.05,0.26,0.0,0.0,-91.37769921546916
ppo_none,3x20,4,100,108.71680568373006,0.7991904291360812,0.7212915490306794,0.01,5.8,0.8294444444444444,106.84,0.0,41.97,0.26,0.0,0.0,-96.03036200689688
ppo_none,3x20,5,100,104.87988529648158,0.8040705815923207,0.7528642951251647,0.03,5.15,0.865,103.71,0.0,40.5,0.27,0.0,0.0,-92.19344161964838
ppo_none,4x24,1,100,45.82919576994569,0.9254166666666667,0.7641666666666667,0.02,5.66,1.14625,34.03,0.0,52.04,0.23,0.0,0.0,-33.014833121262036
ppo_none,4x24,2,100,43.19282424648502,0.9395833333333333,0.77375,0.04,5.43,1.160625,32.01,0.0,50.29,0.2,0.0,0.0,-30.378461597801365
ppo_none,4x24,3,100,35.560681394706805,0.94875,0.7962499999999999,0.03,4.89,1.194375,23.9,0.0,48.57,0.16,0.0,0.0,-22.746318746023164
ppo_none,4x24,4,100,39.983109268000355,0.9383333333333332,0.7520833333333333,0.01,5.95,1.128125,26.9,0.0,51.49,0.2,0.0,0.0,-27.168746619316707
ppo_none,4x24,5,100,43.49331623746765,0.9287499999999999,0.7520833333333333,0.01,5.95,1.128125,32.83,0.0,50.6,0.2,0.0,0.0,-30.67895358878401
random_event,2x12,-1,100,19.076514915644523,0.8904386446886445,0.7074615384615386,0.08,3.69,0.6328571428571429,0.18,15.23,10.28,0.23,0.06,0.2608695652173913,-8.015866134195523
random_event,3x16,-1,100,20.268226353659426,0.9315931372549019,0.6848202614379083,0.0,5.21,0.8715384615384615,0.35,20.03,26.53,0.24,0.1,0.4166666666666667,-7.867193748642998
random_event,3x20,-1,100,24.40292932595426,0.9278038772821381,0.7611449275362319,0.04,4.96,0.8744444444444445,0.48,24.07,29.84,0.33,0.19,0.5757575757575758,-11.716485649121086
random_event,4x24,-1,100,24.100547026582632,0.965,0.7449999999999999,0.0,6.12,1.1175,0.39,28.1,50.85,0.22,0.14,0.6363636363636364,-11.286184377898984
