method_id,scale,training_seeds,evaluation_episodes,replicate_unit,makespan,makespan_ci95_lower,makespan_ci95_upper,completion_rate,completion_rate_ci95_lower,completion_rate_ci95_upper,deadline_completion_rate,deadline_completion_rate_ci95_lower,deadline_completion_rate_ci95_upper,mission_success,mission_success_ci95_lower,mission_success_ci95_upper,deadline_remaining_tasks,deadline_remaining_tasks_ci95_lower,deadline_remaining_tasks_ci95_upper,throughput,throughput_ci95_lower,throughput_ci95_upper,invalid_actions,invalid_actions_ci95_lower,invalid_actions_ci95_upper,communication_events,communication_events_ci95_lower,communication_events_ci95_upper,heartbeat_messages,heartbeat_messages_ci95_lower,heartbeat_messages_ci95_upper,reallocated_tasks,reallocated_tasks_ci95_lower,reallocated_tasks_ci95_upper,reallocation_successes,reallocation_successes_ci95_lower,reallocation_successes_ci95_upper,reallocation_success_rate,reallocation_success_rate_ci95_lower,reallocation_success_rate_ci95_upper,return,return_ci95_lower,return_ci95_upper
gppo_always,2x12,5,500,training_seed,17.39377075559371,17.337654002512803,17.449887508674617,0.9057935897435897,0.9045220858296934,0.907065093657486,0.7681776556776556,0.7627526487373238,0.7736026626179874,0.10600000000000001,0.09184512183026644,0.12015487816973358,2.9339999999999997,2.8697309535157083,2.998269046484291,0.6882857142857143,0.6836950681082649,0.6928763604631637,0.0,0.0,0.0,31.636000000000003,31.535679185330263,31.736320814669742,9.604,9.526172920291199,9.6818270797088,0.252,0.24161315909431552,0.2623868409056845,0.086,0.0792002164740339,0.09279978352596609,0.3414358974358975,0.31426658368318083,0.3686052111886141,-6.333121974144712,-6.389238727225618,-6.277005221063805
gppo_always,3x16,5,500,training_seed,18.956620126642406,18.556843990083436,19.356396263201376,0.940343137254902,0.9381397069834799,0.9425465675263242,0.7276879084967319,0.713317333705388,0.7420584832880759,0.01,-0.011502803538143576,0.031502803538143574,4.497999999999999,4.261241210883312,4.734758789116687,0.9263076923076923,0.9080954777602549,0.9445199068551297,0.0,0.0,0.0,40.065999999999995,39.59419431972898,40.53780568027101,25.656,25.368097882855995,25.943902117144003,0.27,0.2524430344307452,0.28755696556925486,0.12,0.10758535058892116,0.13241464941107883,0.4448465327775673,0.39952058992727135,0.49017247562786326,-6.555587521625981,-6.955363658184952,-6.155811385067009
gppo_always,3x20,5,500,training_seed,23.06925590840568,22.85356872378495,23.28494309302641,0.9346662714097496,0.9303167936839851,0.939015749135514,0.7988207415772633,0.7850606181362985,0.8125808650182282,0.07,0.050370715754261455,0.08962928424573856,4.18,3.890576204986528,4.469423795013471,0.9182222222222223,0.9022589184644094,0.9341855259800351,0.0,0.0,0.0,46.698,46.48022992146762,46.91577007853238,28.526,28.224628152714956,28.827371847285043,0.28200000000000003,0.2635860991639469,0.3004139008360532,0.10600000000000001,0.08344766938873058,0.12855233061126944,0.37460022735884807,0.31248221378556973,0.4367182409321264,-10.382812231572505,-10.59849941619323,-10.16712504695178
gppo_always,4x24,5,500,training_seed,21.30292116100692,20.942328293948023,21.66351402806582,0.9695833333333332,0.968851793101281,0.9703148735653855,0.8209166666666668,0.8108569909705468,0.830976342362787,0.036000000000000004,0.017172251966844264,0.054827748033155745,4.298,4.056567783293115,4.539432216706885,1.231375,1.21628548645582,1.2464645135441803,0.0,0.0,0.0,52.924,52.433220785835424,53.414779214164575,46.54,45.97632843208123,47.10367156791877,0.21200000000000002,0.20161315909431557,0.22238684090568447,0.12,0.10244303443074515,0.13755696556925484,0.564935064935065,0.502289221858556,0.627580908011574,-8.488558512323277,-8.849151379382173,-8.12796564526438
gppo_event,2x12,5,500,training_seed,17.35887241322282,17.10626605785592,17.61147876858972,0.9040215901745313,0.9010826999127887,0.906960480436274,0.7639417582417583,0.7581695810353751,0.7697139354481414,0.10200000000000001,0.07979200000000002,0.124208,2.984,2.9097193025342385,3.0582806974657615,0.6841428571428572,0.6793922690890324,0.6888934451966819,0.1,0.08037071575426145,0.11962928424573856,14.95,14.827101241015216,15.072898758984783,9.65,9.533871588317071,9.76612841168293,0.252,0.2384004329480678,0.2655995670519322,0.082,0.07161315909431555,0.09238684090568446,0.3262820512820513,0.2765518312971149,0.37601227126698766,-6.298223631773824,-6.550829987140724,-6.045617276406923
gppo_event,3x16,5,500,training_seed,18.935709580669876,18.703078826615243,19.16834033472451,0.9399534313725489,0.9381637585589956,0.9417431041861023,0.7311911764705882,0.7205153971183692,0.7418669558228072,0.012,-0.001599567051932203,0.025599567051932205,4.444000000000001,4.270727781522831,4.61727221847717,0.9304615384615385,0.9171329062709869,0.94379017065209,0.22200000000000003,0.19508568143162458,0.24891431856837548,19.85,19.765343377813664,19.93465662218634,25.613999999999997,25.29019414666192,25.937805853338073,0.276,0.2618451218302665,0.29015487816973357,0.122,0.10358609916394682,0.14041390083605318,0.4409351185213254,0.3943531094505669,0.4875171275920839,-6.534676975653454,-6.767307729708085,-6.3020462215988235
gppo_event,3x20,5,500,training_seed,23.19538858099661,23.01616190471466,23.37461525727856,0.9341392245435725,0.9280426958989698,0.9402357531881751,0.7989019951063427,0.7928916867638025,0.804912303448883,0.078,0.05958609916394682,0.09641390083605318,4.182,4.058351089030271,4.30564891096973,0.9186666666666667,0.9118633862088542,0.9254699471244793,0.562,0.5186374937993663,0.6053625062006338,24.022,23.854885722261677,24.18911427773832,28.424,28.110594640607406,28.737405359392593,0.278,0.2676131590943156,0.28838684090568445,0.098,0.08181327753990945,0.11418672246009055,0.3528461959496442,0.29241434589835485,0.4132780460009336,-10.508944904163432,-10.688171580445383,-10.32971822788148
gppo_event,4x24,5,500,training_seed,21.5576677400302,21.214308242708725,21.901027237351677,0.9700833333333332,0.9683912758743666,0.9717753907922998,0.8154999999999999,0.8090041039793487,0.821995896020651,0.036000000000000004,0.02489600000000001,0.047104,4.428,4.272098495504373,4.583901504495627,1.22325,1.2135061559690232,1.2329938440309767,0.374,0.3382337419346111,0.4097662580653889,27.776,27.694781241969604,27.857218758030395,46.762,45.989722986653106,47.534277013346895,0.21999999999999997,0.19088506637479657,0.24911493362520337,0.132,0.1116006494221017,0.1523993505778983,0.5991952707856598,0.5758177286223395,0.6225728129489801,-8.74330509134656,-9.086664588668036,-8.399945594025084
gppo_event_no_gate,2x12,5,500,training_seed,17.364300812695287,17.121265511734585,17.60733611365599,0.9043173992673992,0.9026514068207779,0.9059833917140204,0.766514652014652,0.7572116348046196,0.7758176692246843,0.11199999999999999,0.06126674873418815,0.16273325126581184,2.948,2.828148791979388,3.067851208020612,0.6867142857142856,0.6785724898135156,0.6948560816150556,0.09799999999999999,0.07760064942210168,0.1183993505778983,14.947999999999999,14.847756030086591,15.048243969913406,9.634,9.540848756444158,9.727151243555843,0.25,0.23037071575426143,0.26962928424573857,0.082,0.07161315909431555,0.09238684090568446,0.3277413600891862,0.29962017787163414,0.35586254230673825,-6.303652031246292,-6.546687332206995,-6.06061673028559
gppo_event_no_gate,3x16,5,500,training_seed,18.97157724436157,18.800762187876433,19.142392300846705,0.941108660130719,0.938832014811073,0.943385305450365,0.7297524509803922,0.7194413861369874,0.740063515823797,0.012,-0.004186722460090553,0.028186722460090553,4.465999999999999,4.296096099821104,4.635903900178895,0.9287692307692307,0.9156996999862388,0.9418387615522226,0.202,0.17508568143162456,0.22891431856837546,19.863999999999997,19.81465274459506,19.913347255404933,25.694,25.50910923025743,25.87889076974257,0.268,0.24108568143162457,0.29491431856837547,0.118,0.10181327753990944,0.13418672246009056,0.4412742200328408,0.38122696777896226,0.5013214722867193,-6.5705446393451465,-6.74135969583028,-6.399729582860013
gppo_event_no_gate,3x20,5,500,training_seed,23.395272462486922,23.05756164706576,23.732983277908083,0.9318532279314887,0.9285111532769513,0.9351953025860261,0.79493391680783,0.7831406326727461,0.8067272009429138,0.08199999999999999,0.04644985423377282,0.11755014576622716,4.2620000000000005,4.016767462387228,4.507232537612773,0.913888888888889,0.900568516373429,0.9272092614043489,0.5559999999999999,0.496074395989694,0.6159256040103059,23.954,23.87230821084099,24.03569178915901,28.644,28.390546487228917,28.89745351277108,0.28400000000000003,0.2651722519668443,0.30282774803315576,0.10400000000000001,0.092896,0.11510400000000001,0.36721864342553995,0.32006444577727106,0.41437284107380884,-10.708828785653747,-11.046539601074908,-10.371117970232586
gppo_event_no_gate,4x24,5,500,training_seed,21.656787008496103,21.1851954021505,22.128378614841704,0.96925,0.9688172149622631,0.9696827850377367,0.8143333333333332,0.8014969387027873,0.8271697279638792,0.026000000000000002,0.014896000000000005,0.037104,4.4559999999999995,4.147926528866895,4.764073471133104,1.2215,1.202245408054181,1.2407545919458192,0.38,0.32111214726278436,0.43888785273721564,27.808,27.706609473894254,27.909390526105746,46.99,46.131187968784786,47.84881203121522,0.20600000000000002,0.1681404076091673,0.24385959239083274,0.12,0.0908850663747966,0.1491149336252034,0.5802592051313279,0.5295608067262152,0.6309576035364406,-8.842424359812458,-9.314015966158058,-8.370832753466859
gppo_event_single_head,2x12,5,500,training_seed,17.452911055307357,17.23263253637602,17.673189574238695,0.9059327407886231,0.9047525017806713,0.9071129797965748,0.7701245421245421,0.7613706623848224,0.7788784218642617,0.11000000000000001,0.0808850663747966,0.13911493362520344,2.906,2.795795946644418,3.0162040533555823,0.6902857142857142,0.6824139961888869,0.6981574323825415,0.11399999999999999,0.08541933072862007,0.1425806692713799,15.056000000000001,14.97152563124829,15.140474368751711,9.592,9.510402597688408,9.673597402311593,0.246,0.234896,0.257104,0.07200000000000001,0.06161315909431555,0.08238684090568447,0.2921739130434783,0.25918180564338283,0.32516602044357373,-6.392262273858357,-6.612540792789697,-6.171983754927017
gppo_event_single_head,3x16,5,500,training_seed,18.64525305160099,18.553880501310957,18.73662560189102,0.9417916666666667,0.9405871099027219,0.9429962234306115,0.7418700980392157,0.73720957538175,0.7465306206966813,0.018,0.012448,0.023551999999999997,4.266,4.192239846420985,4.339760153579015,0.944153846153846,0.9384799881862294,0.9498277041214627,0.2,0.17517070117784234,0.22482929882215769,19.77,19.71243563880316,19.82756436119684,25.344,25.17432303180455,25.51367696819545,0.28200000000000003,0.24986547675785437,0.3141345232421457,0.124,0.10984512183026643,0.13815487816973357,0.4401173261295619,0.41725274546459373,0.46298190679453005,-6.244220446584565,-6.335592996874597,-6.152847896294533
gppo_event_single_head,3x20,5,500,training_seed,23.104167328537052,22.83509116743551,23.373243489638593,0.9369583662714097,0.9337945282380086,0.9401222043048109,0.8069084697910783,0.7990489180082582,0.8147680215738985,0.084,0.0516265550798189,0.11637344492018112,4.014,3.8517523583653683,4.176247641634633,0.9275555555555556,0.9184368609987809,0.9366742501123303,0.532,0.4621021060116973,0.6018978939883027,24.02,23.84708394267738,24.19291605732262,28.484,28.204932598363765,28.76306740163624,0.286,0.27184512183026643,0.3001548781697335,0.11399999999999999,0.09322631818863106,0.13477368181136892,0.3979511038131728,0.3356390826156198,0.46026312501072575,-10.41772365170387,-10.686799812805413,-10.148647490602327
gppo_event_single_head,4x24,5,500,training_seed,21.243846478035774,21.07386738526806,21.41382557080349,0.9713333333333333,0.9699453333333332,0.9727213333333333,0.8272499999999999,0.8203622466652761,0.8341377533347237,0.038000000000000006,0.032448000000000005,0.04355200000000001,4.145999999999999,3.980693919966626,4.311306080033372,1.2408750000000002,1.2305433699979145,1.2512066300020859,0.33199999999999996,0.27760173179227116,0.38639826820772877,27.738,27.650478922858547,27.825521077141453,46.216,45.877646707336844,46.55435329266316,0.21200000000000002,0.20644800000000002,0.21755200000000002,0.124,0.11720021647403389,0.1307997835259661,0.5852813852813853,0.5448131739605367,0.6257495966022338,-8.429483829352131,-8.599462922119848,-8.259504736584415
gppo_none,2x12,5,500,training_seed,85.80290677105745,83.56591112276477,88.03990241935013,0.7340555687309356,0.7221553753614242,0.745955762100447,0.7382897435897436,0.7067701716827358,0.7698093154967515,0.08800000000000001,0.043757840197386405,0.1322421598026136,3.314,2.9152210537954644,3.7127789462045357,0.6604285714285714,0.6319443609853902,0.6889127818717525,83.668,81.20649401692705,86.12950598307296,0.0,0.0,0.0,11.475999999999999,11.284959560469517,11.667040439530481,0.22799999999999998,0.20760064942210169,0.24839935057789828,0.0,0.0,0.0,0.0,0.0,0.0,-74.74225798960845,-76.97925363790112,-72.50526234131577
gppo_none,3x16,5,500,training_seed,90.20771953802414,86.41601339295616,93.99942568309211,0.7682350323320508,0.753005489213389,0.7834645754507127,0.7049084967320262,0.6824736652419922,0.7273433282220602,0.006,-0.0007997835259661015,0.012799783525966103,4.884,4.51129163066011,5.256708369339891,0.8967692307692307,0.868156670538062,0.9253817910003993,90.35999999999999,86.27059300150253,94.44940699849744,0.0,0.0,0.0,34.156000000000006,33.46202220835534,34.84997779164467,0.23200000000000004,0.2216131590943156,0.2423868409056845,0.0,0.0,0.0,0.0,0.0,0.0,-77.80668693300771,-81.59839307807567,-74.01498078793975
gppo_none,3x20,5,500,training_seed,102.96060607666304,99.55687985766359,106.36433229566249,0.8085773197816675,0.7991638983947474,0.8179907411685875,0.7540599661208357,0.7479175972374458,0.7602023350042256,0.04,0.024795221803656592,0.05520477819634341,5.112,4.988039865505074,5.235960134494926,0.8671111111111112,0.8602244369725043,0.873997785249718,101.362,97.69775991602296,105.02624008397703,0.0,0.0,0.0,40.236000000000004,39.51639997047249,40.95560002952752,0.28,0.2647952218036566,0.29520477819634344,0.0,0.0,0.0,0.0,0.0,0.0,-90.27416239982986,-93.6778886188293,-86.87043618083042
gppo_none,4x24,5,500,training_seed,39.447416821091885,34.190082991872686,44.704750650311084,0.9420833333333333,0.9303046268867172,0.9538620397799493,0.7916666666666666,0.7742550870587033,0.80907824627463,0.03,0.006774317663414069,0.05322568233658593,4.999999999999999,4.582122089408879,5.417877910591119,1.1875,1.161382630588055,1.213617369411945,28.07,22.76239979615646,33.37760020384354,0.0,0.0,0.0,49.828,48.02527919364534,51.63072080635467,0.21000000000000002,0.17380538824631492,0.24619461175368512,0.0,0.0,0.0,0.0,0.0,0.0,-26.633054172408244,-31.890388001627443,-21.375720343189045
gppo_periodic,2x12,5,500,training_seed,18.801457739182673,17.979411471869575,19.62350400649577,0.9056680564533506,0.9030099423670626,0.9083261705396386,0.7574238095238094,0.7454956070755658,0.7693520119720529,0.088,0.06411994505868968,0.11188005494131031,3.0699999999999994,2.9137035575580805,3.2262964424419183,0.6782857142857143,0.6677821847875709,0.6887892437838576,3.5159999999999996,2.621214628139239,4.410785371860761,8.278,7.840359395960567,8.715640604039434,9.622,9.529346451422517,9.714653548577482,0.256,0.2492002164740339,0.2627997835259661,0.084,0.07289600000000002,0.095104,0.328,0.28682748094539545,0.3691725190546046,-7.740808957733677,-8.562855225046775,-6.918762690420578
gppo_periodic,3x16,5,500,training_seed,21.22239565282332,18.843426473394608,23.60136483225203,0.9396085937883927,0.9367622712918323,0.942454916284953,0.7323545751633986,0.7244760696079388,0.7402330807188585,0.01,-0.002414649411078832,0.022414649411078832,4.426,4.289551763602456,4.562448236397544,0.932,0.9218350309127682,0.9421649690872319,5.634,3.058886277257644,8.209113722742357,9.726,8.524065729743928,10.927934270256074,25.892000000000003,25.54645768574023,26.237542314259777,0.29000000000000004,0.26517070117784236,0.3148292988221577,0.14,0.12244303443074517,0.15755696556925486,0.4831376426482099,0.43376997926542255,0.5325053060309972,-8.821363047806894,-11.200332227235606,-6.442393868378184
gppo_periodic,3x20,5,500,training_seed,24.721691137647998,22.497435219728516,26.94594705556748,0.9330122153209108,0.9304129194596122,0.9356115111822094,0.799645266327875,0.782772894739324,0.8165176379164261,0.07200000000000001,0.05581327753990946,0.08818672246009056,4.168,3.8114811829033424,4.5245188170966575,0.9193333333333333,0.9000376740709404,0.9386289925957263,5.932,3.8837822436703666,7.980217756329634,11.23,10.101119880093552,12.358880119906448,28.612000000000002,27.745265403261183,29.47873459673882,0.294,0.27144766938873055,0.3165523306112694,0.11199999999999999,0.08369024366053285,0.14030975633946713,0.37847926267281107,0.3092131510830861,0.447745374262536,-12.03524746081482,-14.259503378734303,-9.810991542895335
gppo_periodic,4x24,5,500,training_seed,21.702953822583844,21.241301053299782,22.164606591867905,0.9703333333333333,0.9681265539807221,0.9725401126859444,0.8215000000000001,0.8143548326821551,0.8286451673178451,0.032,0.0184004329480678,0.0455995670519322,4.284,4.11251598437172,4.455484015628279,1.23225,1.2215322490232325,1.2429677509767676,2.7,2.007055682929718,3.3929443170702824,10.104,9.90428228176749,10.303717718232509,46.492,46.191550094584805,46.79244990541519,0.202,0.18581327753990945,0.21818672246009058,0.122,0.10581327753990943,0.13818672246009056,0.6031875142401458,0.556840916752734,0.6495341117275577,-8.888591173900195,-9.350243943184257,-8.426938404616134
greedy_event,2x12,0,100,episode,17.576010212403602,16.859232620129628,18.292787804677577,0.9022847985347986,0.8607301302728232,0.943839466796774,0.7603150183150182,0.7218123811410577,0.7988176554889788,0.12,0.05598666805526628,0.1840133319447337,3.03,2.5415228512525023,3.5184771487474973,0.6814285714285714,0.6470538332293847,0.7158033096277581,0.11,0.013919402519961321,0.20608059748003868,14.99,14.219733878861508,15.760266121138493,9.82,8.533872824046053,11.106127175953947,0.23,0.14710129340239647,0.31289870659760355,0.04,0.0013985084288812566,0.07860149157111875,0.17391304347826086,0.06978540350612772,0.37138054785295666,-6.515361430954605,-7.1875536991932325,-5.843169162715977
greedy_event,3x16,0,100,episode,19.090324136015393,18.26965352283253,19.910994749198256,0.9375980392156862,0.9004721393376955,0.9747239390936768,0.7306862745098041,0.6959459519656404,0.7654265970539678,0.0,0.0,0.0,4.46,3.8928814863850336,5.027118513614966,0.9292307692307691,0.885592585697305,0.9728689527642331,0.18,0.0743588999479747,0.28564110005202525,19.74,18.79133840244971,20.688661597550286,25.69,23.538649439364317,27.841350560635686,0.28,0.17924714907409836,0.3807528509259017,0.14,0.0661888404594043,0.2138111595405957,0.5,0.3263284683244634,0.6736715316755366,-6.689291530998969,-7.472610409132544,-5.905972652865394
greedy_event,3x20,0,100,episode,23.143422099050586,22.09002709243878,24.19681710566239,0.938171277997365,0.9059034033760389,0.9704391526186911,0.8205899680030115,0.7881921692767323,0.8529877667292908,0.1,0.04090377646275834,0.15909622353724168,3.73,3.0614867138662287,4.398513286133771,0.9433333333333336,0.9064810130818394,0.9801856535848278,0.46,0.18503492526643983,0.7349650747335602,23.92,22.920328186378402,24.9196718136216,28.3,25.54759871964846,31.052401280351543,0.29,0.18467158431118813,0.39532841568881183,0.14,0.07164792274812373,0.2083520772518763,0.4827586206896552,0.3138581933079522,0.6556926202943085,-10.45697842221741,-11.478295496714647,-9.435661347720174
greedy_event,4x24,0,100,episode,21.977036840028838,21.14750572266758,22.806567957390094,0.9725000000000001,0.9479253214458835,0.9970746785541168,0.8112499999999998,0.7826412234452501,0.8398587765547495,0.03,-0.003603535167561997,0.063603535167562,4.53,3.8433893626860076,5.216610637313993,1.216875,1.1739618351678753,1.2597881648321245,0.39,0.14255526808288013,0.6374447319171199,28.0,27.147702143400775,28.852297856599225,47.35,43.650581126717334,51.04941887328267,0.21,0.12506666666666666,0.2949333333333333,0.13,0.06375245687803231,0.19624754312196768,0.6190476190476191,0.40878295815501514,0.7924923220201749,-9.162674191345195,-9.947804713629061,-8.377543669061328
ppo_event,2x12,5,500,training_seed,17.83855174667493,17.564805774546326,18.112297718803536,0.9021444624003447,0.8994348993279927,0.9048540254726968,0.7518630036630036,0.7434297381739494,0.7602962691520578,0.094,0.06825643505650394,0.11974356494349606,3.136,3.025795946644418,3.2462040533555823,0.6735714285714287,0.6660470147560338,0.6810958423868236,0.128,0.11181327753990944,0.14418672246009057,15.068000000000001,14.923648000000002,15.212352000000001,9.725999999999999,9.626064,9.825935999999999,0.22599999999999998,0.19741933072862008,0.2545806692713799,0.06000000000000001,0.047585350588921174,0.07241464941107885,0.2660795367866306,0.21631021856698426,0.3158488550062769,-6.777902965225932,-7.0516489373545355,-6.504156993097329
ppo_event,3x16,5,500,training_seed,18.924939297867308,18.400155055379738,19.449723540354878,0.9412369281045752,0.9384600828385963,0.944013773370554,0.7352287581699348,0.7165870005081967,0.753870515831673,0.016,0.0092002164740339,0.0227997835259661,4.378,4.071707677823945,4.684292322176055,0.9355384615384615,0.9119775136787651,0.959099409398158,0.17600000000000002,0.1517993930654622,0.20020060693453784,19.764000000000003,19.658074591074666,19.86992540892534,25.566,25.09394938278189,26.038050617218108,0.268,0.25181327753990945,0.2841867224600906,0.11399999999999999,0.102896,0.125104,0.42609768009768006,0.37772076273518596,0.4744745974601742,-6.523906692850886,-7.048690935338454,-5.999122450363318
ppo_event,3x20,5,500,training_seed,23.447850383981567,23.0675500475261,23.828150720437034,0.9346769809900245,0.9299897878355542,0.9393641741444948,0.8015061358930924,0.7855730724492082,0.8174391993369766,0.064,0.045172251966844254,0.08282774803315575,4.1259999999999994,3.7932734990776957,4.458726500922303,0.9215555555555557,0.9027784062379988,0.9403327048731126,0.532,0.4089758980361978,0.6550241019638022,24.028,23.92775603008659,24.128243969913406,28.606,28.265603081189035,28.94639691881097,0.30200000000000005,0.2858132775399095,0.3181867224600906,0.134,0.11984512183026644,0.14815487816973358,0.44542242703533025,0.37624907202877417,0.5145957820418864,-10.761406707148385,-11.14170704360385,-10.38110637069292
ppo_event,4x24,5,500,training_seed,21.926285978015784,21.707205587770567,22.145366368261,0.9716666666666667,0.9703996018169713,0.9729337315163621,0.8109999999999999,0.8037525810418084,0.8182474189581915,0.03,0.010370715754261444,0.04962928424573855,4.536,4.362061945003401,4.709938054996599,1.2165,1.2056288715627124,1.2273711284372875,0.306,0.23120238121437287,0.3807976187856271,27.85,27.776031189275482,27.92396881072452,47.454,47.165429492400904,47.7425705075991,0.196,0.184896,0.207104,0.11599999999999999,0.1092002164740339,0.12279978352596609,0.5921804511278196,0.5618073046233375,0.6225535976323017,-9.111923329332138,-9.331003719577357,-8.892842939086918
ppo_none,2x12,5,500,training_seed,87.35064882140271,85.13120876864029,89.57008887416514,0.728008002411731,0.7198188093704438,0.7361971954530182,0.7102421245421245,0.6984987900399408,0.7219854590443083,0.07600000000000001,0.057172251966844265,0.09482774803315576,3.6680000000000006,3.514589891128388,3.8214101088716133,0.6351428571428571,0.6245128193638239,0.6457728949218904,85.2,82.57812715048193,87.82187284951807,0.0,0.0,0.0,11.758,11.518329735044166,11.997670264955833,0.21999999999999997,0.1984971964618564,0.24150280353814355,0.0,0.0,0.0,0.0,0.0,0.0,-76.2900000399537,-78.50944009271612,-74.07055998719127
ppo_none,3x16,5,500,training_seed,89.29158926753875,86.49781944671636,92.08535908836114,0.7694023857306601,0.7567202904335698,0.7820844810277504,0.6950669934640523,0.6740519843657079,0.7160820025623967,0.008,-0.002386840905684459,0.01838684090568446,5.046,4.698101738641884,5.393898261358117,0.8843076923076924,0.857461227921567,0.9111541566938177,88.91600000000001,85.86061378787952,91.9713862121205,0.0,0.0,0.0,34.148,33.22203025618328,35.073969743816725,0.236,0.2048394772829466,0.2671605227170534,0.0,0.0,0.0,0.0,0.0,0.0,-76.89055666252231,-79.68432648334472,-74.09678684169991
ppo_none,3x20,5,500,training_seed,105.54640876182646,102.26566512614284,108.82715239751008,0.8059533126293994,0.7999962412307651,0.8119103840280337,0.7483742706568794,0.7266442881044468,0.7701042532093121,0.032,0.015813277539909448,0.04818672246009055,5.236,4.779383861590504,5.6926161384094955,0.8604444444444445,0.8355319459361469,0.885356942952742,104.20800000000001,100.8809503921847,107.53504960781532,0.0,0.0,0.0,40.977999999999994,39.662767643561025,42.29323235643896,0.262,0.256448,0.267552,0.0,0.0,0.0,0.0,0.0,0.0,-92.85996508499329,-96.14070872067691,-89.57922144930967
ppo_none,4x24,5,500,training_seed,41.611825383321104,36.68120713552602,46.542443631116186,0.9361666666666666,0.9246324321354017,0.9477009011979315,0.7676666666666666,0.7448430803674989,0.7904902529658343,0.022,0.005813277539909446,0.038186722460090555,5.576,5.028233928819975,6.123766071180024,1.1515,1.1172646205512484,1.1857353794487515,29.934000000000005,24.555141997463036,35.31285800253698,0.0,0.0,0.0,50.598,48.94602574729991,52.249974252700085,0.198,0.16708777225756774,0.22891222774243228,0.0,0.0,0.0,0.0,0.0,0.0,-28.797462734637456,-33.72808098243253,-23.866844486842382
random_event,2x12,0,100,episode,19.076514915644523,18.16922278603291,19.983807045256135,0.8904386446886445,0.8457462906814457,0.9351309986958434,0.7074615384615386,0.6673478400965812,0.747575236826496,0.08,0.026558654828519018,0.13344134517148099,3.69,3.1826321614091375,4.197367838590862,0.6328571428571429,0.5974273374510852,0.6682869482632006,0.18,0.04529747852052174,0.31470252147947825,15.23,14.354411451270252,16.10558854872975,10.28,8.864681430871052,11.695318569128947,0.23,0.14710129340239647,0.31289870659760355,0.06,0.013218081711115368,0.10678191828888463,0.2608695652173913,0.1254844588924897,0.4647039054375056,-8.015866134195523,-8.86918629978972,-7.162545968601326
random_event,3x16,0,100,episode,20.268226353659426,19.260311741804422,21.27614096551443,0.9315931372549019,0.8926450869474178,0.9705411875623859,0.6848202614379083,0.6470024856212006,0.7226380372546161,0.0,0.0,0.0,5.21,4.593775642326677,5.826224357673323,0.8715384615384615,0.8235224847779463,0.9195544382989767,0.35,0.1146433181811749,0.585356681818825,20.03,19.01691957621791,21.043080423782094,26.53,24.110587969916423,28.94941203008358,0.24,0.14710210666619727,0.3328978933338027,0.1,0.04090377646275834,0.15909622353724168,0.4166666666666667,0.24467347246538232,0.6116566235061137,-7.867193748642998,-8.801804925662504,-6.932582571623492
random_event,3x20,0,100,episode,24.40292932595426,23.284251945602794,25.52160670630573,0.9278038772821381,0.8910517192873715,0.9645560352769047,0.7611449275362319,0.7235425562799775,0.7987472987924862,0.04,0.0013985084288812635,0.07860149157111873,4.96,4.1844998131541296,5.73550018684587,0.8744444444444445,0.8318166256633753,0.9170722632255136,0.48,0.18586144678935995,0.77413855321064,24.07,22.98916721146716,25.150832788532842,29.84,26.805918056012942,32.87408194398706,0.33,0.22190792551876637,0.43809207448123366,0.19,0.10785365116901041,0.2721463488309896,0.5757575757575758,0.4080697369146003,0.7276464100497011,-11.716485649121086,-12.791850364234477,-10.641120934007695
random_event,4x24,0,100,episode,24.100547026582632,23.117718867939725,25.083375185225538,0.965,0.9350956282826164,0.9949043717173836,0.7449999999999999,0.7117755036081233,0.7782244963918765,0.0,0.0,0.0,6.12,5.32261208659496,6.91738791340504,1.1175,1.067663255412185,1.167336744587815,0.39,0.14730543283935485,0.6326945671606452,28.1,27.12198180182596,29.078018198174043,50.85,46.594399374134284,55.10560062586572,0.22,0.12938579057622945,0.31061420942377055,0.14,0.0661888404594043,0.2138111595405957,0.6363636363636364,0.4295134934371804,0.802670272273921,-11.286184377898984,-12.209806861669819,-10.362561894128149
