"category","retention","path","size_bytes","sha256"
"gppo-v2-formal-raw","external-local","outputs/paper_aligned/gppo_v2_hard/formal/eval/gppo_always/seed_1/evaluation.csv","250480","7715f3daf812bbbc54fc1141d3693fdb6b56d150d5b3331987f08af332e27d11"
"gppo-v2-formal-raw","external-local","outputs/paper_aligned/gppo_v2_hard/formal/eval/gppo_always/seed_1/evaluation.json","825974","e38db8e5f1716de21eddbe2af1854dcf3c7f6e2616db4b859ebf5d49a1ca8fe8"
"gppo-v2-formal-raw","external-local","outputs/paper_aligned/gppo_v2_hard/formal/eval/gppo_always/seed_1/event_log.jsonl","5139732","dff8113b110dd010891cf177b37ff8d29cbcaf32705fe369ea5f253b782fcda5"
"gppo-v2-formal-raw","external-local","outputs/paper_aligned/gppo_v2_hard/formal/eval/gppo_always/seed_2/evaluation.csv","250327","5cdb4e265501435c1f3f2b8572c692bf24469983c58470d37b52b67a25c3363e"
"gppo-v2-formal-raw","external-local","outputs/paper_aligned/gppo_v2_hard/formal/eval/gppo_always/seed_2/evaluation.json","825821","d4f55e44f644f63b0eb155243fb0523dd2c59395d6d792b1fa7df17706054d09"
"gppo-v2-formal-raw","external-local","outputs/paper_aligned/gppo_v2_hard/formal/eval/gppo_always/seed_2/event_log.jsonl","5148199","fd674a10b3744fcdcd90f37b7c6e8faffcec4600fda70a5ee745162c09f071df"
"gppo-v2-formal-raw","external-local","outputs/paper_aligned/gppo_v2_hard/formal/eval/gppo_always/seed_3/evaluation.csv","250402","3cc48182b6b73726e5b2ed1f53efa64d3d814ac93ba5bd061ac690aa6f768ae3"
"gppo-v2-formal-raw","external-local","outputs/paper_aligned/gppo_v2_hard/formal/eval/gppo_always/seed_3/evaluation.json","825896","ffdedf9c31ed58e8c77c17bdbce6aa68c2c770f5d11b27fe24e912aa3c21e2c6"
"gppo-v2-formal-raw","external-local","outputs/paper_aligned/gppo_v2_hard/formal/eval/gppo_always/seed_3/event_log.jsonl","5140227","97c8884993a63cd8ad6de1c1ed0b27816711684659f11b14a389b23b69643eb4"
"gppo-v2-formal-raw","external-local","outputs/paper_aligned/gppo_v2_hard/formal/eval/gppo_always/seed_4/evaluation.csv","250707","4652106dae980efb2c39106b031d28a27319e8c4db3163fd6ffe2f5985e59a51"
"gppo-v2-formal-raw","external-local","outputs/paper_aligned/gppo_v2_hard/formal/eval/gppo_always/seed_4/evaluation.json","826201","1b1c59732ce35739b8bf5aa943fc27c1ca545ff2c12fe44800ae2e96b344191f"
"gppo-v2-formal-raw","external-local","outputs/paper_aligned/gppo_v2_hard/formal/eval/gppo_always/seed_4/event_log.jsonl","5135663","f5c95641d129de8054aabae9bb9a92dfa2967a116b6a81d6527da1608198f752"
"gppo-v2-formal-raw","external-local","outputs/paper_aligned/gppo_v2_hard/formal/eval/gppo_always/seed_5/evaluation.csv","250460","447a226b313430fde453df1dfd909286ba53b79e1e3ecc940669de87a132166f"
"gppo-v2-formal-raw","external-local","outputs/paper_aligned/gppo_v2_hard/formal/eval/gppo_always/seed_5/evaluation.json","825954","8e0128c4c539a5443bd9a7a071ff860fe6e65365474b8dc1d64e2a9bb42fbcb1"
"gppo-v2-formal-raw","external-local","outputs/paper_aligned/gppo_v2_hard/formal/eval/gppo_always/seed_5/event_log.jsonl","5139073","ebcf85c05d53e5e143a9e0714297983f9605a674168767d18f7f91bb89ce54fe"
"gppo-v2-formal-raw","external-local","outputs/paper_aligned/gppo_v2_hard/formal/eval/gppo_event/seed_1/evaluation.csv","249686","e7bc0110743a149fe1cb7ea7280306880945069724d7dbcf899647388ee9f396"
"gppo-v2-formal-raw","external-local","outputs/paper_aligned/gppo_v2_hard/formal/eval/gppo_event/seed_1/evaluation.json","825180","9062ee6abd0ff45973f85b1393d4325837adbb2f247e2f21900498acf3c14428"
"gppo-v2-formal-raw","external-local","outputs/paper_aligned/gppo_v2_hard/formal/eval/gppo_event/seed_1/event_log.jsonl","5258191","e601b258e9c57ba9af9a937d356909e29bdcfa55cb0a8ab80e1ce2492310c73a"
"gppo-v2-formal-raw","external-local","outputs/paper_aligned/gppo_v2_hard/formal/eval/gppo_event/seed_2/evaluation.csv","249601","a0cb1435ecd09f39f8d7fae478c8bc1da5b9bc65b83b6d4801c170fb9fd319a0"
"gppo-v2-formal-raw","external-local","outputs/paper_aligned/gppo_v2_hard/formal/eval/gppo_event/seed_2/evaluation.json","825095","cc0831222037147f494c834bfe4edf91ed7307194922a99d30965682de7c0f3f"
"gppo-v2-formal-raw","external-local","outputs/paper_aligned/gppo_v2_hard/formal/eval/gppo_event/seed_2/event_log.jsonl","5252682","0480a73231354a74a039832c5f5035e076c6e4a6519fcc53becf9f2b23b5ed73"
"gppo-v2-formal-raw","external-local","outputs/paper_aligned/gppo_v2_hard/formal/eval/gppo_event/seed_3/evaluation.csv","249737","4fd834ad6eb8e4f80cd6ec66c85ff2357c8c411e7841199ab8a31079816ad217"
"gppo-v2-formal-raw","external-local","outputs/paper_aligned/gppo_v2_hard/formal/eval/gppo_event/seed_3/evaluation.json","825231","05d3cbb0d96641eb86ae43a708c3a026f8b07ac45a2cf22da5b14396cbe5eb46"
"gppo-v2-formal-raw","external-local","outputs/paper_aligned/gppo_v2_hard/formal/eval/gppo_event/seed_3/event_log.jsonl","5238721","dc773dd87f7bce39be96db1964638490cca58e19274757b52b081f92d8fb5a02"
"gppo-v2-formal-raw","external-local","outputs/paper_aligned/gppo_v2_hard/formal/eval/gppo_event/seed_4/evaluation.csv","249630","cd2b11df3c297b0f875f9f85f3d39e4bfebb996d25eec8ec58b75e924ef55b52"
"gppo-v2-formal-raw","external-local","outputs/paper_aligned/gppo_v2_hard/formal/eval/gppo_event/seed_4/evaluation.json","825124","018b969206afe691485e16c2d5c5fdfc49b00ae4ed75a97b1c52981a6f2f270c"
"gppo-v2-formal-raw","external-local","outputs/paper_aligned/gppo_v2_hard/formal/eval/gppo_event/seed_4/event_log.jsonl","5243407","377ce792a94dd8b0f7925771b7e70db0abd54e12381a564d935cdca5b21aa1e9"
"gppo-v2-formal-raw","external-local","outputs/paper_aligned/gppo_v2_hard/formal/eval/gppo_event/seed_5/evaluation.csv","249504","af3d3491fa7f4436630a2154de54705ad3c66c61a600b0b95db395f643fe5e71"
"gppo-v2-formal-raw","external-local","outputs/paper_aligned/gppo_v2_hard/formal/eval/gppo_event/seed_5/evaluation.json","824998","2f13abd4ab200b38a554186d8d20a0badb3123e24c082d2f5aa4e8a9c8ede7fb"
"gppo-v2-formal-raw","external-local","outputs/paper_aligned/gppo_v2_hard/formal/eval/gppo_event/seed_5/event_log.jsonl","5247670","a350b602867aa803ff413e5f67cf0f4b8018ebef715e8b2aed1156813c431add"
"gppo-v2-formal-raw","external-local","outputs/paper_aligned/gppo_v2_hard/formal/eval/gppo_event_no_gate/seed_1/evaluation.csv","256033","580838f88396c40bf16f2d63c6d79573e2395a442bba9a04c0263ed76a65ad8c"
"gppo-v2-formal-raw","external-local","outputs/paper_aligned/gppo_v2_hard/formal/eval/gppo_event_no_gate/seed_1/evaluation.json","831527","f97c2c97e6a35d128286bf1b32df3f69073f2430862a8b3246733cf0777a2f63"
"gppo-v2-formal-raw","external-local","outputs/paper_aligned/gppo_v2_hard/formal/eval/gppo_event_no_gate/seed_1/event_log.jsonl","5361289","0cbe3142fe9e9cccac7986adeec7bedd683f9a87bffe48a46ffbe060e52ed6bd"
"gppo-v2-formal-raw","external-local","outputs/paper_aligned/gppo_v2_hard/formal/eval/gppo_event_no_gate/seed_2/evaluation.csv","255926","600fe5c0c8c8cbd73da571ba7029001cc8b47e6d9aa3429db4a645b3e1cf3867"
"gppo-v2-formal-raw","external-local","outputs/paper_aligned/gppo_v2_hard/formal/eval/gppo_event_no_gate/seed_2/evaluation.json","831420","33da8de4090bbc08e93f49aab332959b92e00575c93a64790399f12a1f962865"
"gppo-v2-formal-raw","external-local","outputs/paper_aligned/gppo_v2_hard/formal/eval/gppo_event_no_gate/seed_2/event_log.jsonl","5354552","9bf0e899c5ee675638b3d2eebc8d45ec7745855a198071af047da8a89a690d9a"
"gppo-v2-formal-raw","external-local","outputs/paper_aligned/gppo_v2_hard/formal/eval/gppo_event_no_gate/seed_3/evaluation.csv","255934","ea38f561012a17f9b2dbad162669bccd4a81fa0d3aa5e3ceef9ffa9befadfd8e"
"gppo-v2-formal-raw","external-local","outputs/paper_aligned/gppo_v2_hard/formal/eval/gppo_event_no_gate/seed_3/evaluation.json","831428","54e40a653fe90b2900906ecebff7159be0765473b274d8f2b159e0c524911a5c"
"gppo-v2-formal-raw","external-local","outputs/paper_aligned/gppo_v2_hard/formal/eval/gppo_event_no_gate/seed_3/event_log.jsonl","5357643","464e58053215d199c3c9645fa7db91985e4c2774ba3ce240400431ac0c4b959f"
"gppo-v2-formal-raw","external-local","outputs/paper_aligned/gppo_v2_hard/formal/eval/gppo_event_no_gate/seed_4/evaluation.csv","255876","80968d5d71b4d2004e7c7e46696476830678f2481020638822d68890ec64649a"
"gppo-v2-formal-raw","external-local","outputs/paper_aligned/gppo_v2_hard/formal/eval/gppo_event_no_gate/seed_4/evaluation.json","831370","95c51c0ed348a4e2b95b1225d685313da979ead51551fbf8a022ab8c31e71d73"
"gppo-v2-formal-raw","external-local","outputs/paper_aligned/gppo_v2_hard/formal/eval/gppo_event_no_gate/seed_4/event_log.jsonl","5358634","1b9b13d89f82a1d767a11bca12ed800fa4a869fe1ee8c8c315bd742d5d139d0f"
"gppo-v2-formal-raw","external-local","outputs/paper_aligned/gppo_v2_hard/formal/eval/gppo_event_no_gate/seed_5/evaluation.csv","256058","c66388ed789695c9d177ed3617aed726d7ba207031acde5b54f0d21f4096a42b"
"gppo-v2-formal-raw","external-local","outputs/paper_aligned/gppo_v2_hard/formal/eval/gppo_event_no_gate/seed_5/evaluation.json","831552","555f5c056f18e7a2766be2c6ef1bef279fe046076a3fc06e6aa7dd15134efeec"
"gppo-v2-formal-raw","external-local","outputs/paper_aligned/gppo_v2_hard/formal/eval/gppo_event_no_gate/seed_5/event_log.jsonl","5359106","d95d63a2516dab261f2dee28d75f933e9a0d3a365059f61dda336b95a49cf3d0"
"gppo-v2-formal-raw","external-local","outputs/paper_aligned/gppo_v2_hard/formal/eval/gppo_event_single_head/seed_1/evaluation.csv","255689","aae0a8a5734b7977eea18cbb54fd6fbe830a84d8c2d5c7fb29d6fc9d358d5c59"
"gppo-v2-formal-raw","external-local","outputs/paper_aligned/gppo_v2_hard/formal/eval/gppo_event_single_head/seed_1/evaluation.json","831183","1df3a0355c9f71e5d22a01c73508d14dd30ca2e5cd482be6ff817639b7713d80"
"gppo-v2-formal-raw","external-local","outputs/paper_aligned/gppo_v2_hard/formal/eval/gppo_event_single_head/seed_1/event_log.jsonl","5403083","9edf0129d224e03839438229514221f6a8e54dcb57d51af54562fcae9c81d708"
"gppo-v2-formal-raw","external-local","outputs/paper_aligned/gppo_v2_hard/formal/eval/gppo_event_single_head/seed_2/evaluation.csv","255837","5bba5ca5389a4fec1c1f0a0d7da61691f29d2c287af2184636e17e6ade938007"
"gppo-v2-formal-raw","external-local","outputs/paper_aligned/gppo_v2_hard/formal/eval/gppo_event_single_head/seed_2/evaluation.json","831331","3c2f38eff729b6288bd4e2a7e9bb6bb008f39563fe6420e4bd809eb95ee5e419"
"gppo-v2-formal-raw","external-local","outputs/paper_aligned/gppo_v2_hard/formal/eval/gppo_event_single_head/seed_2/event_log.jsonl","5419209","324b5a61dd3ae97ca35e6c9673cf525766d0416fd6a2d20edbab8f76e885022a"
"gppo-v2-formal-raw","external-local","outputs/paper_aligned/gppo_v2_hard/formal/eval/gppo_event_single_head/seed_3/evaluation.csv","255743","a583fdc92efe49e7a8b27e37ac09e46f182dcba64d520bf460e06f1d43494286"
"gppo-v2-formal-raw","external-local","outputs/paper_aligned/gppo_v2_hard/formal/eval/gppo_event_single_head/seed_3/evaluation.json","831237","63b4aa6366b49e14b54c59e634e5c132f0030d978128847c934b8d5dbaa80c58"
"gppo-v2-formal-raw","external-local","outputs/paper_aligned/gppo_v2_hard/formal/eval/gppo_event_single_head/seed_3/event_log.jsonl","5418553","b6fec3b22b2f79d7bdf3aa22dca2c8f2581717679f4ce2e7543bc7666b1b2d9f"
"gppo-v2-formal-raw","external-local","outputs/paper_aligned/gppo_v2_hard/formal/eval/gppo_event_single_head/seed_4/evaluation.csv","255841","42a827ce3faa60a5969c224128f6e2a5c5ac8bef6bb8697b13dd0410b0218795"
"gppo-v2-formal-raw","external-local","outputs/paper_aligned/gppo_v2_hard/formal/eval/gppo_event_single_head/seed_4/evaluation.json","831335","a1b8864d1807c1951684fb7381371eedccff6b1b4d854137e1e0da4cb07522f8"
"gppo-v2-formal-raw","external-local","outputs/paper_aligned/gppo_v2_hard/formal/eval/gppo_event_single_head/seed_4/event_log.jsonl","5414835","798fa84abd39d0d60d6ee5b711d4b55894a8a1a4dadead30b0818a3a1b3d5a40"
"gppo-v2-formal-raw","external-local","outputs/paper_aligned/gppo_v2_hard/formal/eval/gppo_event_single_head/seed_5/evaluation.csv","255634","8d72ddac7a24cb9d93a4b744ea38105b766dbdd749582a4b26528cc40ad0f87f"
"gppo-v2-formal-raw","external-local","outputs/paper_aligned/gppo_v2_hard/formal/eval/gppo_event_single_head/seed_5/evaluation.json","831128","7b4e480d8a2333e9534edafd472cdac635f3df438580ca58862018aeae45d08b"
"gppo-v2-formal-raw","external-local","outputs/paper_aligned/gppo_v2_hard/formal/eval/gppo_event_single_head/seed_5/event_log.jsonl","5428913","579727b054c47b0dd8c33636f041a7e9ca4ae97edd0acfba5fb25006b737dae7"
"gppo-v2-formal-raw","external-local","outputs/paper_aligned/gppo_v2_hard/formal/eval/gppo_none/seed_1/evaluation.csv","248700","2c1f988e692056b3a45644948d258511da757f5a2967962c47e9d0d0d1654916"
"gppo-v2-formal-raw","external-local","outputs/paper_aligned/gppo_v2_hard/formal/eval/gppo_none/seed_1/evaluation.json","824194","03dd0303a7defa96be925234af801132641a8d892e942da1f9eab6bc0b0d88f3"
"gppo-v2-formal-raw","external-local","outputs/paper_aligned/gppo_v2_hard/formal/eval/gppo_none/seed_1/event_log.jsonl","17911950","5ebaffb25ff53b8fc96c17d963ba0db19cad83e0078b6a5cea02c80bd91ec11c"
"gppo-v2-formal-raw","external-local","outputs/paper_aligned/gppo_v2_hard/formal/eval/gppo_none/seed_2/evaluation.csv","248732","6ed274cb4d22e29f965034bbdb66517273b6a26985f285a6be1814cef4177aec"
"gppo-v2-formal-raw","external-local","outputs/paper_aligned/gppo_v2_hard/formal/eval/gppo_none/seed_2/evaluation.json","824226","2cb873badee67f0d8a595f73b8aef6cd1b5d94934d0f41340da4d16ff9e4386e"
"gppo-v2-formal-raw","external-local","outputs/paper_aligned/gppo_v2_hard/formal/eval/gppo_none/seed_2/event_log.jsonl","18124942","133af76e4af7e2a7fe26b6703f8b8166b69f9fe2f967313e2e15a3fc9e3b9f5a"
"gppo-v2-formal-raw","external-local","outputs/paper_aligned/gppo_v2_hard/formal/eval/gppo_none/seed_3/evaluation.csv","248721","aa1c795215baac9db9de66a8846e418cd72d135298e8ca30ec7c39ee239d5c0c"
"gppo-v2-formal-raw","external-local","outputs/paper_aligned/gppo_v2_hard/formal/eval/gppo_none/seed_3/evaluation.json","824215","1f77c5e437b0a35859f1de170797d2f50b7f78c428420720985198d91a2c4a2d"
"gppo-v2-formal-raw","external-local","outputs/paper_aligned/gppo_v2_hard/formal/eval/gppo_none/seed_3/event_log.jsonl","17600869","4bddd10f6fb44c41a52d01cd945f3995feaf97e78b8b254905bcb69cedd7d4a9"
"gppo-v2-formal-raw","external-local","outputs/paper_aligned/gppo_v2_hard/formal/eval/gppo_none/seed_4/evaluation.csv","248631","9b9a20ac44b80add8b04dd84a79ebde6f61ec58867ff247a720f37b1d29ec216"
"gppo-v2-formal-raw","external-local","outputs/paper_aligned/gppo_v2_hard/formal/eval/gppo_none/seed_4/evaluation.json","824125","f3de3555278c1ac8736b2b32dae8bc9a29e3df4f80b200585311d99cdc497871"
"gppo-v2-formal-raw","external-local","outputs/paper_aligned/gppo_v2_hard/formal/eval/gppo_none/seed_4/event_log.jsonl","17468204","e959c55a845cb7eb4320d67785306bc33995a8e0d2090dd9a07d23f56e691381"
"gppo-v2-formal-raw","external-local","outputs/paper_aligned/gppo_v2_hard/formal/eval/gppo_none/seed_5/evaluation.csv","248846","ad007855f0cef3fff760efd9e0770af3efdbd11733fd2521bf3b195beba2ef52"
"gppo-v2-formal-raw","external-local","outputs/paper_aligned/gppo_v2_hard/formal/eval/gppo_none/seed_5/evaluation.json","824340","58398761345135d189a610d654d448945629ccf91aeb362f7171d0eeb116279d"
"gppo-v2-formal-raw","external-local","outputs/paper_aligned/gppo_v2_hard/formal/eval/gppo_none/seed_5/event_log.jsonl","18485376","f4679740ccbc8e0adb485672c9acc9c95a6eaaef2a7edfe1e6f4295dfa6a49e4"
"gppo-v2-formal-raw","external-local","outputs/paper_aligned/gppo_v2_hard/formal/eval/gppo_periodic/seed_1/evaluation.csv","251424","75a81957e70fa309d71c49e24c1c8c06fe71d3e3f9d8e9c19c0f9a0266c1f83c"
"gppo-v2-formal-raw","external-local","outputs/paper_aligned/gppo_v2_hard/formal/eval/gppo_periodic/seed_1/evaluation.json","826918","20af779d5b35c5b6ba65fe0bafedc7f745c48f4d8ce30e1023e2c530c1339e3c"
"gppo-v2-formal-raw","external-local","outputs/paper_aligned/gppo_v2_hard/formal/eval/gppo_periodic/seed_1/event_log.jsonl","5906463","1bcee21264668e8de82c7b0e466c78460c6eec18d7112a5f34e2d6746e8ab878"
"gppo-v2-formal-raw","external-local","outputs/paper_aligned/gppo_v2_hard/formal/eval/gppo_periodic/seed_2/evaluation.csv","251788","298d58de8d1abf49282802ef10785aeffe0ac75939809249b1aab78b30ba5c15"
"gppo-v2-formal-raw","external-local","outputs/paper_aligned/gppo_v2_hard/formal/eval/gppo_periodic/seed_2/evaluation.json","827282","03684c93ef3a88667325e1e3103b094b9c8cb5b7af1e2fd7b2d893ba6667b87f"
"gppo-v2-formal-raw","external-local","outputs/paper_aligned/gppo_v2_hard/formal/eval/gppo_periodic/seed_2/event_log.jsonl","5915109","12c356923867d3e065c40eade4e27c75e85c9acb75bcc22df8e2273732cb6e13"
"gppo-v2-formal-raw","external-local","outputs/paper_aligned/gppo_v2_hard/formal/eval/gppo_periodic/seed_3/evaluation.csv","251656","daa60d6366624056361510aef2487f3feb091ccf3812227e86d3a0f2a3986529"
"gppo-v2-formal-raw","external-local","outputs/paper_aligned/gppo_v2_hard/formal/eval/gppo_periodic/seed_3/evaluation.json","827150","0e6f2cde9d9e7b790a0127078e2ad60813cf02b8faf837da2b0af088ff6e25e9"
"gppo-v2-formal-raw","external-local","outputs/paper_aligned/gppo_v2_hard/formal/eval/gppo_periodic/seed_3/event_log.jsonl","5876216","32ff5192e1a56e639f65bc77ef42c5952ea89b56fcebda61bdb64711067d1e6f"
"gppo-v2-formal-raw","external-local","outputs/paper_aligned/gppo_v2_hard/formal/eval/gppo_periodic/seed_4/evaluation.csv","251719","67edcc57d2c01c728657df8d9374fdf4882b5ec0002f64354c0e3cd429ab55c9"
"gppo-v2-formal-raw","external-local","outputs/paper_aligned/gppo_v2_hard/formal/eval/gppo_periodic/seed_4/evaluation.json","827213","b119744838fbb23d5c17e9586d2eaa2479788164d4c81f1bb123e8e6571c2534"
"gppo-v2-formal-raw","external-local","outputs/paper_aligned/gppo_v2_hard/formal/eval/gppo_periodic/seed_4/event_log.jsonl","6120141","5bd30e8c08121eb6ce757e527f95e08217ddd017bf5b5196164d01bc21fd64d6"
"gppo-v2-formal-raw","external-local","outputs/paper_aligned/gppo_v2_hard/formal/eval/gppo_periodic/seed_5/evaluation.csv","251589","d367227261a551c82da5e35d86122a76ecd39e31fc3592dd6c7b2ef73132ff73"
"gppo-v2-formal-raw","external-local","outputs/paper_aligned/gppo_v2_hard/formal/eval/gppo_periodic/seed_5/evaluation.json","827083","975238e28da6c7587717f71995ccd52d338cc8efd893a7a8372dc8d3d15b8e1b"
"gppo-v2-formal-raw","external-local","outputs/paper_aligned/gppo_v2_hard/formal/eval/gppo_periodic/seed_5/event_log.jsonl","5806255","a12430aeba1b95d74bc9f6dee705a32f1aebc4bc5cc25d222d52126ec17a3ecf"
"gppo-v2-formal-raw","external-local","outputs/paper_aligned/gppo_v2_hard/formal/eval/greedy_event/baseline/evaluation.csv","170427","2268df12f5a8f91b93222fc4db19dc14e72f146993f72aa0cb9e0b1a7cc7e7f3"
"gppo-v2-formal-raw","external-local","outputs/paper_aligned/gppo_v2_hard/formal/eval/greedy_event/baseline/evaluation.json","757921","460717e7035f9be1fa0862d0127e9673a69277cae653e9d64d851529a6dcb8dd"
"gppo-v2-formal-raw","external-local","outputs/paper_aligned/gppo_v2_hard/formal/eval/greedy_event/baseline/event_log.jsonl","5273054","50c45f7a93b1573758502a782b5eec9ebe5007ef38fb870d403854865c42c37b"
"gppo-v2-formal-raw","external-local","outputs/paper_aligned/gppo_v2_hard/formal/eval/ppo_event/seed_1/evaluation.csv","247353","0b030976905b52af355cf2f6b6c7907bfb24cc3665225182002bbfbacb55b69f"
"gppo-v2-formal-raw","external-local","outputs/paper_aligned/gppo_v2_hard/formal/eval/ppo_event/seed_1/evaluation.json","822847","1d14614310ff3ff5b6bd2cb3bb71ef334e8c3e44ca9f6b0a2bfe8fd76cd413a4"
"gppo-v2-formal-raw","external-local","outputs/paper_aligned/gppo_v2_hard/formal/eval/ppo_event/seed_1/event_log.jsonl","5234814","6255426c6f988bb231e17e3d1bb6480533e351cc03706c541d4e19a8f872f93e"
"gppo-v2-formal-raw","external-local","outputs/paper_aligned/gppo_v2_hard/formal/eval/ppo_event/seed_2/evaluation.csv","247306","7533945f882f0a973eb02655aedd378d374467890fc3aa4ff7440a140e03ab68"
"gppo-v2-formal-raw","external-local","outputs/paper_aligned/gppo_v2_hard/formal/eval/ppo_event/seed_2/evaluation.json","822800","266e53396fd58c38fdda1734f8a2e6cc7b4d5fbe5ad7828aab7e026ab31ef323"
"gppo-v2-formal-raw","external-local","outputs/paper_aligned/gppo_v2_hard/formal/eval/ppo_event/seed_2/event_log.jsonl","5239538","c483cc9fefe3cbbb083dc3a1a03013630360dbf1fc6681a4a127b3898516d2aa"
"gppo-v2-formal-raw","external-local","outputs/paper_aligned/gppo_v2_hard/formal/eval/ppo_event/seed_3/evaluation.csv","247193","29c8fe317578120328fcd8007ee4c682d207ddd660513e9441683008e4e77eeb"
"gppo-v2-formal-raw","external-local","outputs/paper_aligned/gppo_v2_hard/formal/eval/ppo_event/seed_3/evaluation.json","822687","736e27f6348fbb33c1d06bacb4c21e33551b35929505b15c2f5944b9dc3a107c"
"gppo-v2-formal-raw","external-local","outputs/paper_aligned/gppo_v2_hard/formal/eval/ppo_event/seed_3/event_log.jsonl","5229458","ea482a8ff101485312751a85fd552e98986ec99fd8c541ebb916bdb57742262f"
"gppo-v2-formal-raw","external-local","outputs/paper_aligned/gppo_v2_hard/formal/eval/ppo_event/seed_4/evaluation.csv","247253","768426e6873bd2019c9a9545b25ddcc85130c329013ecc2c8938151b6c43f3b0"
"gppo-v2-formal-raw","external-local","outputs/paper_aligned/gppo_v2_hard/formal/eval/ppo_event/seed_4/evaluation.json","822747","6f9436d145be2728c504244f15b0c04abdd8c31d6e7a30fe8812ca63c935c166"
"gppo-v2-formal-raw","external-local","outputs/paper_aligned/gppo_v2_hard/formal/eval/ppo_event/seed_4/event_log.jsonl","5236006","55b7ad273e647ae4ab977e60b3428fb9d4b1ec98f2ef4f94f140f051138b3ce2"
"gppo-v2-formal-raw","external-local","outputs/paper_aligned/gppo_v2_hard/formal/eval/ppo_event/seed_5/evaluation.csv","247388","1c8459ce2ff1d8af827d450bad5c44a06a4132ae97922af7a193d3c3814707ac"
"gppo-v2-formal-raw","external-local","outputs/paper_aligned/gppo_v2_hard/formal/eval/ppo_event/seed_5/evaluation.json","822882","8520b3e891407b1b9e6fd80ec604eae3db3d8491962e9a0439134048cebedbd4"
"gppo-v2-formal-raw","external-local","outputs/paper_aligned/gppo_v2_hard/formal/eval/ppo_event/seed_5/event_log.jsonl","5247308","daceaea71671077765bd4cdd15e87f208d2b1a58421f43ac6b92aa8174c5f824"
"gppo-v2-formal-raw","external-local","outputs/paper_aligned/gppo_v2_hard/formal/eval/ppo_none/seed_1/evaluation.csv","246543","6ebf398c775d86863cca04a037c89f604297b56f33353c14bde506d9f76f3020"
"gppo-v2-formal-raw","external-local","outputs/paper_aligned/gppo_v2_hard/formal/eval/ppo_none/seed_1/evaluation.json","822037","1ba3ae23dc03e1864a0bdc4e02e2c373ae8c08a24a686d2b3fd19c59ac775767"
"gppo-v2-formal-raw","external-local","outputs/paper_aligned/gppo_v2_hard/formal/eval/ppo_none/seed_1/event_log.jsonl","18319910","d5e4e6d08b8fa60e207f025f344c42c3d64ccf82efe223ae94edbe4dca8f2a93"
"gppo-v2-formal-raw","external-local","outputs/paper_aligned/gppo_v2_hard/formal/eval/ppo_none/seed_2/evaluation.csv","246073","a3b2095fb8af0af18c19829959c9803f1a0013ff20c208420e500f3ff61cb56c"
"gppo-v2-formal-raw","external-local","outputs/paper_aligned/gppo_v2_hard/formal/eval/ppo_none/seed_2/evaluation.json","821567","4abe75b55957cb75a9c97ceadcac6108d440dc8a4296b20a4a3751aaaa068b66"
"gppo-v2-formal-raw","external-local","outputs/paper_aligned/gppo_v2_hard/formal/eval/ppo_none/seed_2/event_log.jsonl","18355005","f3b93079f17558d419d6141e0a3ca9ac368179e00ebfb22c29396b0efeeafe41"
"gppo-v2-formal-raw","external-local","outputs/paper_aligned/gppo_v2_hard/formal/eval/ppo_none/seed_3/evaluation.csv","246005","4539b523a3271de50abf543d489fc70470135b500141355177f1afe0c682e30e"
"gppo-v2-formal-raw","external-local","outputs/paper_aligned/gppo_v2_hard/formal/eval/ppo_none/seed_3/evaluation.json","821499","2c429f92d4d94fa1fbddc0042183a539f1fab3497893c016d5a94d5b628a417b"
"gppo-v2-formal-raw","external-local","outputs/paper_aligned/gppo_v2_hard/formal/eval/ppo_none/seed_3/event_log.jsonl","17672441","c85ce8b5f09a71a72dd81ec115cb965c6669427d346a955631b792ccb51468e3"
"gppo-v2-formal-raw","external-local","outputs/paper_aligned/gppo_v2_hard/formal/eval/ppo_none/seed_4/evaluation.csv","246171","44b19b4629ccaaf8f792b7ddba2994145ea79728c71d4c69106e8bc2c3263663"
"gppo-v2-formal-raw","external-local","outputs/paper_aligned/gppo_v2_hard/formal/eval/ppo_none/seed_4/evaluation.json","821665","b484e2eb75113768b150c3ce6a3e8b65ef2a450471e78d94ea5993702ec028fc"
"gppo-v2-formal-raw","external-local","outputs/paper_aligned/gppo_v2_hard/formal/eval/ppo_none/seed_4/event_log.jsonl","18062855","0dd395b9885101f1c8bcfc49b73bca10b978e6ba15804abd0ec4a55ad3e7ba0a"
"gppo-v2-formal-raw","external-local","outputs/paper_aligned/gppo_v2_hard/formal/eval/ppo_none/seed_5/evaluation.csv","246459","e1ab8178c4362f741fc0719aaa453af72c8e0665ea35787a8b2b3df364258b09"
"gppo-v2-formal-raw","external-local","outputs/paper_aligned/gppo_v2_hard/formal/eval/ppo_none/seed_5/evaluation.json","821953","00b9df7ac2ec0ccfc263a8322328e01aceb26918e01ba7a030b778817f0dd655"
"gppo-v2-formal-raw","external-local","outputs/paper_aligned/gppo_v2_hard/formal/eval/ppo_none/seed_5/event_log.jsonl","18071752","724960e665f738d41906cac0b728ac7447966c3635d3567e1a856cfbece80862"
"gppo-v2-formal-raw","external-local","outputs/paper_aligned/gppo_v2_hard/formal/eval/random_event/baseline/evaluation.csv","170180","454c4e999117f13419e8c27c2d7a222a8a4a27e4023b775b25c97c939cd67349"
"gppo-v2-formal-raw","external-local","outputs/paper_aligned/gppo_v2_hard/formal/eval/random_event/baseline/evaluation.json","757674","2503e6fa081c696b0feda5242af09dc8834d2b7c1fcb6c3d87a71dd2074e04fe"
"gppo-v2-formal-raw","external-local","outputs/paper_aligned/gppo_v2_hard/formal/eval/random_event/baseline/event_log.jsonl","5298906","0afaffbc4a11f9ac7b0df39e87dd45526f515fe2d985e4a80a0ae1a64a06882e"
"gppo-v2-formal-raw","external-local","outputs/paper_aligned/gppo_v2_hard/formal/summary/acceptance_analysis.json","8774","bba9219384e937d2346c7887854e3d543219060290cfa2c7bf4e479022bbb2d2"
"gppo-v2-formal-raw","external-local","outputs/paper_aligned/gppo_v2_hard/formal/summary/comparisons.csv","46911","a676244eb0c2830da2469ee55bed9d59803881b5456f5333606c44336be24b67"
"gppo-v2-formal-raw","external-local","outputs/paper_aligned/gppo_v2_hard/formal/summary/curve_manifest.json","1335","8aac04c4fa82a7aa2d60b0b313117779ee980ae7b8267e712b69bcf3f9e6fc16"
"gppo-v2-formal-raw","external-local","outputs/paper_aligned/gppo_v2_hard/formal/summary/formal_artifact_audit.json","582","959b5b707e2c1008e9f9760d8452f0159cbaf8f26285ea6263c460e6a0be7cab"
"gppo-v2-formal-raw","external-local","outputs/paper_aligned/gppo_v2_hard/formal/summary/parameter_audit.json","906","f034cf947320b08930f2e142b98d4d20f0a09faacadafdfb393490ccb86bc5da"
"gppo-v2-formal-raw","external-local","outputs/paper_aligned/gppo_v2_hard/formal/summary/per_seed.csv","27968","784ce05759f702f51eaced5061b696666a973c8e44698dd5f6d57169dffdc74a"
"gppo-v2-formal-raw","external-local","outputs/paper_aligned/gppo_v2_hard/formal/summary/summary.csv","28082","1e92d3e5678f42aab5b046803e1058516da4555f22f72cddad73b0ce8ea051d3"
"gppo-v2-formal-raw","external-local","outputs/paper_aligned/gppo_v2_hard/formal/summary/summary.json","449481","89c62fe6d218bab042ebc4db2db864c131be448be3919674cdd160892cbb0505"
"gppo-v2-formal-raw","external-local","outputs/paper_aligned/gppo_v2_hard/formal/summary/training_curves.csv","369216","874a43fbdd2112e9be7aafa63ec9789b24034a5a39b9e6082a08dbff99d4b311"
"gppo-v2-formal-raw","external-local","outputs/paper_aligned/gppo_v2_hard/formal/summary/training_curves.png","1596733","3aad09afaa5cdcdf18e2d2fb1821195fce743d44cb04b47357104123bab7aeac"
"gppo-v2-formal-raw","external-local","outputs/paper_aligned/gppo_v2_hard/formal/summary/validation_curves.csv","35238","900958364f8673a51dd27a0ac40672dc2d89c95e1c83350b4bc6abf315ca0a6f"
"gppo-v2-formal-raw","external-local","outputs/paper_aligned/gppo_v2_hard/formal/summary/validation_curves.png","734999","c41d45850b2620fee44c439f647986142b07815db4df271943df256103a7c06e"
"gppo-v2-formal-raw","external-local","outputs/paper_aligned/gppo_v2_hard/formal/train/gppo_always/seed_1/checkpoint.pt","668533","4104c16f3c82e09c46158b5523b56d51247c2ca2af01d1d9cc6731f6c2febffb"
"gppo-v2-formal-raw","external-local","outputs/paper_aligned/gppo_v2_hard/formal/train/gppo_always/seed_1/training_history.json","41867","41db81eeb427f2514075af640f8bfb064cc408a18cc4d8dd595d3bf31b498469"
"gppo-v2-formal-raw","external-local","outputs/paper_aligned/gppo_v2_hard/formal/train/gppo_always/seed_1/validation_history.json","5531","9f0246c66e527f5d82c386bf320202cc814a28ea179df7eefda235514d773bb8"
"gppo-v2-formal-raw","external-local","outputs/paper_aligned/gppo_v2_hard/formal/train/gppo_always/seed_2/checkpoint.pt","668533","f51d29472b126287f9407743624dc4d77e6556d27e04b670904b47b33c52ef78"
"gppo-v2-formal-raw","external-local","outputs/paper_aligned/gppo_v2_hard/formal/train/gppo_always/seed_2/training_history.json","41774","6fcc29ad85dbeda0835106b20edd8ae37bac7fecd402d8de129c8b2fea9c76e4"
"gppo-v2-formal-raw","external-local","outputs/paper_aligned/gppo_v2_hard/formal/train/gppo_always/seed_2/validation_history.json","5424","cbce9d98b27879572ac98db22546797bf40d6f0d90c529934bbc9c6a3b5e053f"
"gppo-v2-formal-raw","external-local","outputs/paper_aligned/gppo_v2_hard/formal/train/gppo_always/seed_3/checkpoint.pt","668533","31101724520e31ef6415f214ab6154d8c1834b4fdd07b3e5110ac583a1033446"
"gppo-v2-formal-raw","external-local","outputs/paper_aligned/gppo_v2_hard/formal/train/gppo_always/seed_3/training_history.json","41778","536ad09025761aa2216ce2627d8add7fdaa6b39580b89206013e7cea65e18a0e"
"gppo-v2-formal-raw","external-local","outputs/paper_aligned/gppo_v2_hard/formal/train/gppo_always/seed_3/validation_history.json","5369","c78ececd6a003af800a94f7caca8bacfd08fbb6758547e2059ed6173e90e8528"
"gppo-v2-formal-raw","external-local","outputs/paper_aligned/gppo_v2_hard/formal/train/gppo_always/seed_4/checkpoint.pt","668533","d8741ce9776240db161e98265832749ae7cc940589ea59506989f28be6d2c0dd"
"gppo-v2-formal-raw","external-local","outputs/paper_aligned/gppo_v2_hard/formal/train/gppo_always/seed_4/training_history.json","41771","a56396b4c5e2ed49ba97302d77fe44982532eb5bdc4210bcf3c3bf05ed0b3146"
"gppo-v2-formal-raw","external-local","outputs/paper_aligned/gppo_v2_hard/formal/train/gppo_always/seed_4/validation_history.json","5526","381d7e67425d479b62d302e0f0bea3e1114a28e32e0fe22d2daad65ff0996d7b"
"gppo-v2-formal-raw","external-local","outputs/paper_aligned/gppo_v2_hard/formal/train/gppo_always/seed_5/checkpoint.pt","668533","05d0c087a0418acf3f48cc2942dc7011efc0723ad9f6fc20ff8eaef217049c49"
"gppo-v2-formal-raw","external-local","outputs/paper_aligned/gppo_v2_hard/formal/train/gppo_always/seed_5/training_history.json","41699","e1fad16042a9544ac704cdc2c051262191491e4f6b86382db732ac2c4e8b821e"
"gppo-v2-formal-raw","external-local","outputs/paper_aligned/gppo_v2_hard/formal/train/gppo_always/seed_5/validation_history.json","5401","9c3294fa29fcf18ef947af2efabbd8105882564d89cb10e58c1cd15a40c3d678"
"gppo-v2-formal-raw","external-local","outputs/paper_aligned/gppo_v2_hard/formal/train/gppo_event/seed_1/checkpoint.pt","668533","5e419533809124c111733e579cf350e41ea6a8814a6607fb2dc40246090c9065"
"gppo-v2-formal-raw","external-local","outputs/paper_aligned/gppo_v2_hard/formal/train/gppo_event/seed_1/training_history.json","41676","6ee2e8a1e6247f5a14c94afa14f2fd47f3d216ab4890a58cd209a176a2b077ba"
"gppo-v2-formal-raw","external-local","outputs/paper_aligned/gppo_v2_hard/formal/train/gppo_event/seed_1/validation_history.json","5603","fdb2a11a8fe91e295004fe4dfc64cd89d1f96d3e95e8c5052cc809de1638752b"
"gppo-v2-formal-raw","external-local","outputs/paper_aligned/gppo_v2_hard/formal/train/gppo_event/seed_2/checkpoint.pt","668533","a80d76c511896c23b216de7d1fb910af9f1715c36a8c89e89e5090924126976f"
"gppo-v2-formal-raw","external-local","outputs/paper_aligned/gppo_v2_hard/formal/train/gppo_event/seed_2/training_history.json","41799","a46c26077404326839ce05e7b4d690e4318114d6bc328b2f47085b47906cce79"
"gppo-v2-formal-raw","external-local","outputs/paper_aligned/gppo_v2_hard/formal/train/gppo_event/seed_2/validation_history.json","5606","1818f74fd912ac1e66c8d922c9baf733fa664d5e243138b3b77c94c4be0a5fd6"
"gppo-v2-formal-raw","external-local","outputs/paper_aligned/gppo_v2_hard/formal/train/gppo_event/seed_3/checkpoint.pt","668533","558602df51d71efeeebbaef8635459ae1b304e7000f91b01e0d8699d5b65acda"
"gppo-v2-formal-raw","external-local","outputs/paper_aligned/gppo_v2_hard/formal/train/gppo_event/seed_3/training_history.json","41715","0eb7282ec591a1ec1db700b73c75f0a1c33b1cbaf36b6b14dabdc02e894224a4"
"gppo-v2-formal-raw","external-local","outputs/paper_aligned/gppo_v2_hard/formal/train/gppo_event/seed_3/validation_history.json","5583","4a9678cb2a09e81ffcdb01ef6d600f6d50b3412b384bf34ec2e6bf2dcaeef73e"
"gppo-v2-formal-raw","external-local","outputs/paper_aligned/gppo_v2_hard/formal/train/gppo_event/seed_4/checkpoint.pt","668533","6f76c102f901eaf9db699f0e25b57811c89cfc9eb92aa395c85dd93c0e5f7069"
"gppo-v2-formal-raw","external-local","outputs/paper_aligned/gppo_v2_hard/formal/train/gppo_event/seed_4/training_history.json","41761","e7cebfd887dd29d752d8d507af3d20b8d51b091cd4bb68701dfc77a1882e70c7"
"gppo-v2-formal-raw","external-local","outputs/paper_aligned/gppo_v2_hard/formal/train/gppo_event/seed_4/validation_history.json","5550","9a1c5d7a6e85e46d82eedfc4b840b2d8f25a85e6e0695d10c74f966f27ca483b"
"gppo-v2-formal-raw","external-local","outputs/paper_aligned/gppo_v2_hard/formal/train/gppo_event/seed_5/checkpoint.pt","668533","7c768aca18cbbfaea6ed1e49a35759b309b2ed47e0cee1b7a801c9b9274f58f2"
"gppo-v2-formal-raw","external-local","outputs/paper_aligned/gppo_v2_hard/formal/train/gppo_event/seed_5/training_history.json","41794","de344d6368c12564485be750b50c03d371a93d546e7db07e5fea3aea4213f3e2"
"gppo-v2-formal-raw","external-local","outputs/paper_aligned/gppo_v2_hard/formal/train/gppo_event/seed_5/validation_history.json","5524","798ff70552aa0d40ee682648f72ae04e7215a6571c7cb2eb9fa1efc0576e3494"
"gppo-v2-formal-raw","external-local","outputs/paper_aligned/gppo_v2_hard/formal/train/gppo_event_no_gate/seed_1/checkpoint.pt","668533","622a00e199509237968a13e8622b09c6d58c04b74c8b924cc9a47fb063aa38a9"
"gppo-v2-formal-raw","external-local","outputs/paper_aligned/gppo_v2_hard/formal/train/gppo_event_no_gate/seed_1/training_history.json","41993","c08ebb26dec6ab9e611ec70e835d4719449b073a0fc310fe2222ac4d10ac3674"
"gppo-v2-formal-raw","external-local","outputs/paper_aligned/gppo_v2_hard/formal/train/gppo_event_no_gate/seed_1/validation_history.json","5601","5e864d1b6fca5522eb92b975b557b683445c835d8fe92abddaf4776938f1c465"
"gppo-v2-formal-raw","external-local","outputs/paper_aligned/gppo_v2_hard/formal/train/gppo_event_no_gate/seed_2/checkpoint.pt","668533","efe9f6c3fa1297bd5851e72f675006d672190396494a43fe35c61c714e2b625c"
"gppo-v2-formal-raw","external-local","outputs/paper_aligned/gppo_v2_hard/formal/train/gppo_event_no_gate/seed_2/training_history.json","41763","c67735db70b7dfa9d85d0700c821350ef6b57bca700b62f536413a7e8f56ed6c"
"gppo-v2-formal-raw","external-local","outputs/paper_aligned/gppo_v2_hard/formal/train/gppo_event_no_gate/seed_2/validation_history.json","5560","de0d7842514667da8bf6b2273e94625edae6cdaeeafd74ae0e87b756338301ea"
"gppo-v2-formal-raw","external-local","outputs/paper_aligned/gppo_v2_hard/formal/train/gppo_event_no_gate/seed_3/checkpoint.pt","668533","d10024d79a01353e05f6b705ebd89d7814d6d735932512a739f7a910b332e42a"
"gppo-v2-formal-raw","external-local","outputs/paper_aligned/gppo_v2_hard/formal/train/gppo_event_no_gate/seed_3/training_history.json","41779","03fc42dec699f546462e30a120dc2e7d96a4d6077b04e1865e85a64bb574b3a7"
"gppo-v2-formal-raw","external-local","outputs/paper_aligned/gppo_v2_hard/formal/train/gppo_event_no_gate/seed_3/validation_history.json","5492","e5c65108bc6f10d1fb42dd74dd724ef7b7d456b4641194879e4e43a967da75c5"
"gppo-v2-formal-raw","external-local","outputs/paper_aligned/gppo_v2_hard/formal/train/gppo_event_no_gate/seed_4/checkpoint.pt","668533","46f2a8e9548e7f526a2763a9eb3695edbf26bade7959965067b74c4d319dc5b2"
"gppo-v2-formal-raw","external-local","outputs/paper_aligned/gppo_v2_hard/formal/train/gppo_event_no_gate/seed_4/training_history.json","41743","7e513ef4e2682a6a22177da68686c797e8b3b00980b0bd28f2565379ac9a6104"
"gppo-v2-formal-raw","external-local","outputs/paper_aligned/gppo_v2_hard/formal/train/gppo_event_no_gate/seed_4/validation_history.json","5583","e5e68d61d69e90b64c009ea6a8645fa9890690c892d4b368b776b1e1f6ca1dd5"
"gppo-v2-formal-raw","external-local","outputs/paper_aligned/gppo_v2_hard/formal/train/gppo_event_no_gate/seed_5/checkpoint.pt","668533","8601aa80dafd442c215794db19e210cb4d9dc40b7c9deec66f0931a984579198"
"gppo-v2-formal-raw","external-local","outputs/paper_aligned/gppo_v2_hard/formal/train/gppo_event_no_gate/seed_5/training_history.json","41698","5711c3dbc8d726f7989bcf0be81300aad5392c99d696941a9b68decf491eb605"
"gppo-v2-formal-raw","external-local","outputs/paper_aligned/gppo_v2_hard/formal/train/gppo_event_no_gate/seed_5/validation_history.json","5541","f339df5da3f42725d1e0df5ecefcb33b9119d49af5e9a59c33c28f626cd7a549"
"gppo-v2-formal-raw","external-local","outputs/paper_aligned/gppo_v2_hard/formal/train/gppo_event_single_head/seed_1/checkpoint.pt","668533","5b1a988d8410a1adbf37614a2c99a9f20477c72a662b3be4c866d7093bb61ba0"
"gppo-v2-formal-raw","external-local","outputs/paper_aligned/gppo_v2_hard/formal/train/gppo_event_single_head/seed_1/training_history.json","41757","c17c9da7efb0511dd9e992ff8eb6b6e5ea710b29d217a856a3c0314bb4f2dc38"
"gppo-v2-formal-raw","external-local","outputs/paper_aligned/gppo_v2_hard/formal/train/gppo_event_single_head/seed_1/validation_history.json","5503","b960ad5191459e1bde4a5d2b15fb17dcc62cee311590e8711b08e9e81aca702a"
"gppo-v2-formal-raw","external-local","outputs/paper_aligned/gppo_v2_hard/formal/train/gppo_event_single_head/seed_2/checkpoint.pt","668533","721188f33bd9629ba44fa73a16ea9678bcb06848b1be588bf304283c157dc3b7"
"gppo-v2-formal-raw","external-local","outputs/paper_aligned/gppo_v2_hard/formal/train/gppo_event_single_head/seed_2/training_history.json","41593","398ad5f57c2f31153675d9692c148969fdf9c84551e221f4d51193354a80e839"
"gppo-v2-formal-raw","external-local","outputs/paper_aligned/gppo_v2_hard/formal/train/gppo_event_single_head/seed_2/validation_history.json","5619","6917405b493228cad2ac4df672d15d289fae79009ace263885c9d1d21cec2783"
"gppo-v2-formal-raw","external-local","outputs/paper_aligned/gppo_v2_hard/formal/train/gppo_event_single_head/seed_3/checkpoint.pt","668533","5e7be48014cc54cc79d44c8f901185bfeb4cd69e8aceba8c3cc39ed6790ab833"
"gppo-v2-formal-raw","external-local","outputs/paper_aligned/gppo_v2_hard/formal/train/gppo_event_single_head/seed_3/training_history.json","41653","4cab7694133c40a01c785c33ada956622f96e44cadc6e9ebb556baa995582b7d"
"gppo-v2-formal-raw","external-local","outputs/paper_aligned/gppo_v2_hard/formal/train/gppo_event_single_head/seed_3/validation_history.json","5518","6619bb6acd9c8d8098e373619658f47d109a0e2092cab77f55fcde8dd30c36b9"
"gppo-v2-formal-raw","external-local","outputs/paper_aligned/gppo_v2_hard/formal/train/gppo_event_single_head/seed_4/checkpoint.pt","668533","0fe8c4467d5a3d2e3572b5288ddfeae6dd930b7f7319f422993efd927f55ad45"
"gppo-v2-formal-raw","external-local","outputs/paper_aligned/gppo_v2_hard/formal/train/gppo_event_single_head/seed_4/training_history.json","41710","2b975321273117a7e6992f9491879d7f46b92724d4ad32961b65da87b1a041f0"
"gppo-v2-formal-raw","external-local","outputs/paper_aligned/gppo_v2_hard/formal/train/gppo_event_single_head/seed_4/validation_history.json","5664","f0c5d090c61cd018fd4f90b533f1cdf003618696ec0aef6df417af6a9f18d818"
"gppo-v2-formal-raw","external-local","outputs/paper_aligned/gppo_v2_hard/formal/train/gppo_event_single_head/seed_5/checkpoint.pt","668533","c35b74e098d687f605d1e27ed124ee22e310eb6b8a644df513729f959818f459"
"gppo-v2-formal-raw","external-local","outputs/paper_aligned/gppo_v2_hard/formal/train/gppo_event_single_head/seed_5/training_history.json","41974","c97bba644853d5203481e45e30f3118b8f28294036e0630a6f9d51f24c5cafd1"
"gppo-v2-formal-raw","external-local","outputs/paper_aligned/gppo_v2_hard/formal/train/gppo_event_single_head/seed_5/validation_history.json","5529","13488557450ee664b4b6da9858d726d367b62756119e681d0c9fe524d3539dec"
"gppo-v2-formal-raw","external-local","outputs/paper_aligned/gppo_v2_hard/formal/train/gppo_none/seed_1/checkpoint.pt","668533","4f13a7fa866d1adfe39a485d4ec73b9e169583bed84573b56b4ee80bf5cb89f4"
"gppo-v2-formal-raw","external-local","outputs/paper_aligned/gppo_v2_hard/formal/train/gppo_none/seed_1/training_history.json","40273","9acb006cb6af4e064dc5a364ce07cff736ba1d0d6f81e780a87cf86d73059cda"
"gppo-v2-formal-raw","external-local","outputs/paper_aligned/gppo_v2_hard/formal/train/gppo_none/seed_1/validation_history.json","5232","57715c37f3306945f4630a06a0cebeb9dba8e59be6d26bfea530549712927c30"
"gppo-v2-formal-raw","external-local","outputs/paper_aligned/gppo_v2_hard/formal/train/gppo_none/seed_2/checkpoint.pt","668533","44efa0701760a6059d8f776b4a5afabb0ad48727dffbf1bbbe8479e1265b646b"
"gppo-v2-formal-raw","external-local","outputs/paper_aligned/gppo_v2_hard/formal/train/gppo_none/seed_2/training_history.json","40382","e53e480a52781379daec8f6157a808fdf9c75fc022088cbb75ee65d822c20c52"
"gppo-v2-formal-raw","external-local","outputs/paper_aligned/gppo_v2_hard/formal/train/gppo_none/seed_2/validation_history.json","5285","e44c9758b2de1c47b736ce899aaf4a2c69315ee45b50ff52be024811e57b4582"
"gppo-v2-formal-raw","external-local","outputs/paper_aligned/gppo_v2_hard/formal/train/gppo_none/seed_3/checkpoint.pt","668533","d19e30398717c5d12a9917af56cf914c2d7a3d31408d854103676149452be8b9"
"gppo-v2-formal-raw","external-local","outputs/paper_aligned/gppo_v2_hard/formal/train/gppo_none/seed_3/training_history.json","40424","2f315df32541b6c7314340ab23f22895ca77873b5af9760e7af59240a6720941"
"gppo-v2-formal-raw","external-local","outputs/paper_aligned/gppo_v2_hard/formal/train/gppo_none/seed_3/validation_history.json","5281","db6e1a5a97f2199dee5cd27768f35b04c8b4833c6717d39e93e1b9d1eba974a8"
"gppo-v2-formal-raw","external-local","outputs/paper_aligned/gppo_v2_hard/formal/train/gppo_none/seed_4/checkpoint.pt","668533","604759b6a5ea8fb339f38a58ee4a12b2ff3530569e820c83769776869210abbf"
"gppo-v2-formal-raw","external-local","outputs/paper_aligned/gppo_v2_hard/formal/train/gppo_none/seed_4/training_history.json","40298","7d6e858727e06c1b5854af232ac3aa81a07ebc239fda82637e5a54237a6be170"
"gppo-v2-formal-raw","external-local","outputs/paper_aligned/gppo_v2_hard/formal/train/gppo_none/seed_4/validation_history.json","5262","4735d3a765a0cdba63598ccaa5af13da94a5278a35d7ca207880484595dea82b"
"gppo-v2-formal-raw","external-local","outputs/paper_aligned/gppo_v2_hard/formal/train/gppo_none/seed_5/checkpoint.pt","668533","0e0c772a9332cd7235e9936f2a56e63e5783c64877bed4bccc48f579fba21080"
"gppo-v2-formal-raw","external-local","outputs/paper_aligned/gppo_v2_hard/formal/train/gppo_none/seed_5/training_history.json","40403","088860ccab1c4a94e911c65317144939b6d893d1ac08f981301cc9776b32d5c4"
"gppo-v2-formal-raw","external-local","outputs/paper_aligned/gppo_v2_hard/formal/train/gppo_none/seed_5/validation_history.json","5210","a47929ca6bd9d6c958b06fba894af765250d539db87bc9753778f79db9308fc6"
"gppo-v2-formal-raw","external-local","outputs/paper_aligned/gppo_v2_hard/formal/train/gppo_periodic/seed_1/checkpoint.pt","668533","733e7304e7d8ec986fb056bf15e3a32e32b548c54f0fe13c2d54a5ae2fddf5ab"
"gppo-v2-formal-raw","external-local","outputs/paper_aligned/gppo_v2_hard/formal/train/gppo_periodic/seed_1/training_history.json","41708","6c0c9b0f283fd64db9ebd5bb070d21ed02bc677bffce7b15289c1d8b5df601a8"
"gppo-v2-formal-raw","external-local","outputs/paper_aligned/gppo_v2_hard/formal/train/gppo_periodic/seed_1/validation_history.json","5510","3c8c700f1c98c2bcf9f2aac9824a5fc6bbba03b82c1f4915105c6fbb22148a1d"
"gppo-v2-formal-raw","external-local","outputs/paper_aligned/gppo_v2_hard/formal/train/gppo_periodic/seed_2/checkpoint.pt","668533","a0139ec339d7ea540a0125260e7dd7d66321827a81018517d8e26922b3d79cc4"
"gppo-v2-formal-raw","external-local","outputs/paper_aligned/gppo_v2_hard/formal/train/gppo_periodic/seed_2/training_history.json","41614","a29c7cc1c36cfdbcd21a5bf97cbd0e83854d878ab2b8ebd3668ef86854157ecf"
"gppo-v2-formal-raw","external-local","outputs/paper_aligned/gppo_v2_hard/formal/train/gppo_periodic/seed_2/validation_history.json","5480","f829db06383b0988b2fdac5a35b77dd00f39d3d9220be32ff01b2a764d524275"
"gppo-v2-formal-raw","external-local","outputs/paper_aligned/gppo_v2_hard/formal/train/gppo_periodic/seed_3/checkpoint.pt","668533","d69e101fdb1f673cccca07a3b6ae0764b62bf69e36d539bba22da5f61f3f1dff"
"gppo-v2-formal-raw","external-local","outputs/paper_aligned/gppo_v2_hard/formal/train/gppo_periodic/seed_3/training_history.json","41552","a3bf85061dbb5d063cca92282ddb070b02a92fecae366c32fef655ed764fc218"
"gppo-v2-formal-raw","external-local","outputs/paper_aligned/gppo_v2_hard/formal/train/gppo_periodic/seed_3/validation_history.json","5444","7d8fc7d7399bbdb0b251fd69eeb62c3584ebe61fdc0d1527710141ff04b0f928"
"gppo-v2-formal-raw","external-local","outputs/paper_aligned/gppo_v2_hard/formal/train/gppo_periodic/seed_4/checkpoint.pt","668533","b8bf62ff2b0fae74f54bdfef26d7a8b934a24312144098d7acfa9b551ad06d75"
"gppo-v2-formal-raw","external-local","outputs/paper_aligned/gppo_v2_hard/formal/train/gppo_periodic/seed_4/training_history.json","41715","6d5132fe77e6118853b64decea3b655c57205529de67e3d8096062d9798b26e9"
"gppo-v2-formal-raw","external-local","outputs/paper_aligned/gppo_v2_hard/formal/train/gppo_periodic/seed_4/validation_history.json","5586","d5145b468dbea83b4bdfa5b83ad1b1111b320b5eaa984f5fdb637554fa0d77d1"
"gppo-v2-formal-raw","external-local","outputs/paper_aligned/gppo_v2_hard/formal/train/gppo_periodic/seed_5/checkpoint.pt","668533","ed7f84d46cb90262b3576716b60693a70cabd790b4500c9886298f4f03095bb2"
"gppo-v2-formal-raw","external-local","outputs/paper_aligned/gppo_v2_hard/formal/train/gppo_periodic/seed_5/training_history.json","41797","7b4f4ca34d220879fa66c876dcd49e0fbb40b3869a07e21ae3701ea590025f86"
"gppo-v2-formal-raw","external-local","outputs/paper_aligned/gppo_v2_hard/formal/train/gppo_periodic/seed_5/validation_history.json","5428","aa80118ad1926bb66b72d2b3dcadca3214ef8aed03ae1244251406b68255db72"
"gppo-v2-formal-raw","external-local","outputs/paper_aligned/gppo_v2_hard/formal/train/ppo_event/seed_1/checkpoint.pt","668533","1fc6f3ac738cf7e483760611490c328bc21e355a4a3dce180d7b774e0d169f22"
"gppo-v2-formal-raw","external-local","outputs/paper_aligned/gppo_v2_hard/formal/train/ppo_event/seed_1/training_history.json","41680","b8fcb8298617b6666216d8e7537692952249994e33bc054c7ae4018ef9bfd81e"
"gppo-v2-formal-raw","external-local","outputs/paper_aligned/gppo_v2_hard/formal/train/ppo_event/seed_1/validation_history.json","5666","2f498d9ef8491a6cbeaa4a3c2c3c929f33718255223212c2fb649bd51f1f3bb3"
"gppo-v2-formal-raw","external-local","outputs/paper_aligned/gppo_v2_hard/formal/train/ppo_event/seed_2/checkpoint.pt","668533","b39971842f2f5bee34855a59bbaf30aafe185749fe720a640b61649b42663265"
"gppo-v2-formal-raw","external-local","outputs/paper_aligned/gppo_v2_hard/formal/train/ppo_event/seed_2/training_history.json","41640","7910f79f876a43778fecea5997b402b8237a6eb536b9dadebe53a5c9516e2bac"
"gppo-v2-formal-raw","external-local","outputs/paper_aligned/gppo_v2_hard/formal/train/ppo_event/seed_2/validation_history.json","5644","f5eead2e4695571287b8da39334f547d1c98d531537ea76ad1eeea441514837e"
"gppo-v2-formal-raw","external-local","outputs/paper_aligned/gppo_v2_hard/formal/train/ppo_event/seed_3/checkpoint.pt","668533","7d8d5e83e53b13d1b6b9517c3763e006fa7fa7eee4115ec2e9ce433df11be805"
"gppo-v2-formal-raw","external-local","outputs/paper_aligned/gppo_v2_hard/formal/train/ppo_event/seed_3/training_history.json","41814","2a04c0da3baf815f3a9c1c92170d7fe40b45d7fe35f8138d3795ea3fca0233a7"
"gppo-v2-formal-raw","external-local","outputs/paper_aligned/gppo_v2_hard/formal/train/ppo_event/seed_3/validation_history.json","5529","af0d10440ce40e0ffbb95de4255c9b34a196114e9f01fcaa9f4d8cb749243688"
"gppo-v2-formal-raw","external-local","outputs/paper_aligned/gppo_v2_hard/formal/train/ppo_event/seed_4/checkpoint.pt","668533","1d3b042f735d1d47e085b3e8e5dd2b7f9f8671d15374c0f9cbbf89f26ff02774"
"gppo-v2-formal-raw","external-local","outputs/paper_aligned/gppo_v2_hard/formal/train/ppo_event/seed_4/training_history.json","41672","00d7a68c20a51d95f028e04cabe6b11792054eacc58d5c60f1f3e8ee5549af30"
"gppo-v2-formal-raw","external-local","outputs/paper_aligned/gppo_v2_hard/formal/train/ppo_event/seed_4/validation_history.json","5624","0bff1d64782d7fc525153409c989aa27dd70cddfc4ab4e7e43df17b712e45ec1"
"gppo-v2-formal-raw","external-local","outputs/paper_aligned/gppo_v2_hard/formal/train/ppo_event/seed_5/checkpoint.pt","668533","e9d169a3c9648688ea35cf023f3d965fa9849c09134f313b4c638a9a719356ce"
"gppo-v2-formal-raw","external-local","outputs/paper_aligned/gppo_v2_hard/formal/train/ppo_event/seed_5/training_history.json","41902","7a6b6111da939fef99c2015d6fa55e698d48046d62edb0b2054c381b6e1c5033"
"gppo-v2-formal-raw","external-local","outputs/paper_aligned/gppo_v2_hard/formal/train/ppo_event/seed_5/validation_history.json","5595","119fd125cef580be06723c88d2b2636126c857a73feb6249711a102f16c90375"
"gppo-v2-formal-raw","external-local","outputs/paper_aligned/gppo_v2_hard/formal/train/ppo_none/seed_1/checkpoint.pt","668533","6e65290aec69246e229e2b9741d436caa0deb72f609f124573f7e06f5fb31111"
"gppo-v2-formal-raw","external-local","outputs/paper_aligned/gppo_v2_hard/formal/train/ppo_none/seed_1/training_history.json","40410","3dd569ff1069916d8bd3fbe74326425ac805a83dd236c9d378c320019b34e914"
"gppo-v2-formal-raw","external-local","outputs/paper_aligned/gppo_v2_hard/formal/train/ppo_none/seed_1/validation_history.json","5309","fdb1778843fd51379c9a8ded8e23b4e6b2ec0f218cee835708c76bebe3e3b6e2"
"gppo-v2-formal-raw","external-local","outputs/paper_aligned/gppo_v2_hard/formal/train/ppo_none/seed_2/checkpoint.pt","668533","e6cdc20935314537a35abe07a16952e858730707f55d9acc56c4f15ae6d31576"
"gppo-v2-formal-raw","external-local","outputs/paper_aligned/gppo_v2_hard/formal/train/ppo_none/seed_2/training_history.json","40341","1f27bb4e5af5624b057e6d1e10725867d560dd7a172b043bda6131c42697f8c4"
"gppo-v2-formal-raw","external-local","outputs/paper_aligned/gppo_v2_hard/formal/train/ppo_none/seed_2/validation_history.json","5298","3195e2a7041f0b9b7da576a080ba7ed9f8bfe4caeb9e93d0ab7deaedd93f6b17"
"gppo-v2-formal-raw","external-local","outputs/paper_aligned/gppo_v2_hard/formal/train/ppo_none/seed_3/checkpoint.pt","668533","f7b1f9499ff0f338828fd257fd04a60c141d0eef488c0f4574e5063418862faa"
"gppo-v2-formal-raw","external-local","outputs/paper_aligned/gppo_v2_hard/formal/train/ppo_none/seed_3/training_history.json","40448","8fa79c7d185cccee4574363f2bd047bfffd2d983f66f0e82c3cceccf38406d99"
"gppo-v2-formal-raw","external-local","outputs/paper_aligned/gppo_v2_hard/formal/train/ppo_none/seed_3/validation_history.json","5258","0ea9e2ef45c375f00f18c6e81343034ef9c0ee6ae4acf66f3a2f3826ff354662"
"gppo-v2-formal-raw","external-local","outputs/paper_aligned/gppo_v2_hard/formal/train/ppo_none/seed_4/checkpoint.pt","668533","bfaf224b5e5dd142f65bd61831dcdf8bc0c41ba027b5743ecb9701530ea10643"
"gppo-v2-formal-raw","external-local","outputs/paper_aligned/gppo_v2_hard/formal/train/ppo_none/seed_4/training_history.json","40374","4e05284523b73f0c92a8f97c86cd995e2d7547ed106c464a739273c50456aadb"
"gppo-v2-formal-raw","external-local","outputs/paper_aligned/gppo_v2_hard/formal/train/ppo_none/seed_4/validation_history.json","5305","e56474a835d56d4ba493a9704214132e56384d97448d8fee61606876b4e36ca5"
"gppo-v2-formal-raw","external-local","outputs/paper_aligned/gppo_v2_hard/formal/train/ppo_none/seed_5/checkpoint.pt","668533","d021a9bbc085031dca80056c844850d700696c9931e5d17e2580dfe6eb484c2e"
"gppo-v2-formal-raw","external-local","outputs/paper_aligned/gppo_v2_hard/formal/train/ppo_none/seed_5/training_history.json","40412","82c696788b0582ba4480091f2f6373664ab955222e5c40216d8b9c3acd1bcf8d"
"gppo-v2-formal-raw","external-local","outputs/paper_aligned/gppo_v2_hard/formal/train/ppo_none/seed_5/validation_history.json","5180","82b1628b45139740b62bd0af653b5b4e74b6c57f19b45d94ab45e656c7742453"
"gppo-v2-formal-raw","external-local","outputs/paper_aligned/gppo_v2_hard/formal/train_artifact_audit.json","322","29d2c73104ad4c8065ef46caabf274805facb40f24a3ca66653966c83b485dac"
"legacy-prototype","external-local","analyze_paper_stability.py","16718","28dae8906fb8a110d13d9bfaf0aa2da4c6b716a0e09dda7b0e9bc5103746cb34"
"legacy-prototype","external-local","compare_results.py","3529","25d7554b1e5c851843648d64ee75a555f8c798919a3af913eb3579d06c315bec"
"legacy-prototype","external-local","compare_triggers.py","3677","f420789d53fd0f13c22b4a55cf7937fd022f9322e92515485c565de764866ee4"
"legacy-prototype","external-local","evaluate.py","8714","727390c57a17cf7cf2dcd29972f4bdb7824941a418ebe15150e193c40ba96d7b"
"legacy-prototype","external-local","evaluate_baselines.py","4318","b66379143dbd1aea9fec3e01366cc07a6474fd0ec88be75d98a419e57b0e160a"
"legacy-prototype","external-local","evaluate_gppo_v0.py","7429","fb4f10f97a06c183451d4b04d2060021133c685e65e3d2e040009ad4238cd272"
"legacy-prototype","external-local","src/uav_assignment/communication.py","3392","49ba7a7a7648c2ff72e3000bf039c00e7070a58b525d3fd199a3549232a15317"
"legacy-prototype","external-local","src/uav_assignment/config.py","1743","fbc3789d535dacf701a5c9e7f332aec60b388c97c7819f7d6d8e53c796277811"
"legacy-prototype","external-local","src/uav_assignment/env.py","19772","8b07e17d77d055e7b06c7f6ad358545cc2f9fea9344b37119994b5692be5e3d5"
"legacy-prototype","external-local","src/uav_assignment/models.py","14536","c1850fd2471c373b3e304c2e84e5b952eb98d9c2dd653eeef5afdf702ced9073"
"legacy-prototype","external-local","src/uav_assignment/ppo.py","10948","493ec0dc2f05e0896a0689c819a38c385bf6f46ab743fc2542a261ad3af97f9b"
"legacy-prototype","external-local","src/uav_assignment/world_model.py","4954","025c55090c5427714d291d19f6c061a81b6332945af6d5feb3ac8723fdde3358"
"legacy-prototype","external-local","summarize_gppo_v0.py","12184","12f0086ce587415beea85563091815b88bb275ac4aa4fa6170e7d7aa5faf2da4"
"legacy-prototype","external-local","summarize_paper_gppo.py","8764","677ad04e3b8d8039339561cbf1d0f74a926ae8ef0a5a42bc9d0d78f8b6b5ddc1"
"legacy-prototype","external-local","tests/test_env.py","3808","48563179e081badba25f92345590058de151a11fbff7ca78f309fb66659f53c2"
"legacy-prototype","external-local","tests/test_models.py","4030","7d673f9344051b150a28762618eb17175b39e9424e62de92dbc72e1fb0263b14"
"legacy-prototype","external-local","tests/test_training.py","1189","4aac0dacd18d22bac3d95a1c1e55169e1a341216a0c733cf89367de189b5d2d0"
"legacy-prototype","external-local","tests/test_world_model.py","997","c8c09c89a141458894060007df08a576047411b61db335adc3ed571cfe0cf8db"
"legacy-prototype","external-local","train.py","5617","21274df642222f62d10ec97044bb80c407577cbf01261e5d2b1684438baa31ca"
"legacy-prototype","external-local","train_gppo_v0.py","10287","7be8d929145840142d0c656fe067a61d7cbc8f2581d9253ef21fc040dfdb23ed"
"legacy-prototype","external-local","train_world_model.py","6764","ec05ee567b46b1fe1422e21d5d31260d8a4be85722dbeb421a54df557e25daeb"
"pcrl-hard6-intermediate-candidate","external-local","outputs/pcrl_v0/hard6/calibration20/seed_11_run/train/pcrl_gppo_adaptive/seed_11/validation_candidates/update_0000.pt","846001","3a8abe244bcab897b04d7dba2b5cab448c08912cbac0af3a15e5abda6b4c2699"
"pcrl-hard6-intermediate-candidate","external-local","outputs/pcrl_v0/hard6/calibration20/seed_11_run/train/pcrl_gppo_adaptive/seed_11/validation_candidates/update_0002.pt","846705","40d62171d6502e72648e7264eef8b70bffa844b8bd886aca8383fbd294ef5fc8"
"pcrl-hard6-intermediate-candidate","external-local","outputs/pcrl_v0/hard6/calibration20/seed_11_run/train/pcrl_gppo_adaptive/seed_11/validation_candidates/update_0004.pt","846705","56b735a2299bc2293349f226cc013b6528af0620ae00faa50f8abfaf100e9527"
"pcrl-hard6-intermediate-candidate","external-local","outputs/pcrl_v0/hard6/calibration20/seed_11_run/train/pcrl_gppo_adaptive/seed_11/validation_candidates/update_0006.pt","846705","2cb16a3299324afeaed56987b9ab8b7792c1e46d4c98e6c8bafbfd21530a5188"
"pcrl-hard6-intermediate-candidate","external-local","outputs/pcrl_v0/hard6/calibration20/seed_11_run/train/pcrl_gppo_adaptive/seed_11/validation_candidates/update_0008.pt","846705","9d4e94663346b0bd24d2e48460200ce2a2937da0113c7163044247da6e7a6f5e"
"pcrl-hard6-intermediate-candidate","external-local","outputs/pcrl_v0/hard6/calibration20/seed_11_run/train/pcrl_gppo_adaptive/seed_11/validation_candidates/update_0010.pt","846705","88dc76483daa3ce0de301ed177e3858078fb7e56b1f43ea9510ec7d905a545a0"
"pcrl-hard6-intermediate-candidate","external-local","outputs/pcrl_v0/hard6/calibration20/seed_11_run/train/pcrl_gppo_adaptive/seed_11/validation_candidates/update_0012.pt","846705","b7516610c716b64c4ecec639020cefafae58ff411eaa2e1e93145a83e36ecfa6"
"pcrl-hard6-intermediate-candidate","external-local","outputs/pcrl_v0/hard6/calibration20/seed_11_run/train/pcrl_gppo_adaptive/seed_11/validation_candidates/update_0014.pt","846769","0179e7960f5195179bcf811f09d05ca3690a13bab2d76a531d96bdced70cb665"
"pcrl-hard6-intermediate-candidate","external-local","outputs/pcrl_v0/hard6/calibration20/seed_11_run/train/pcrl_gppo_adaptive/seed_11/validation_candidates/update_0016.pt","846769","f2dcda79402474f445b7a598a3e8e08ee68b57db69a7a12eb522c9700aa215b4"
"pcrl-hard6-intermediate-candidate","external-local","outputs/pcrl_v0/hard6/calibration20/seed_11_run/train/pcrl_gppo_adaptive/seed_11/validation_candidates/update_0018.pt","846769","ca314d826fba8e6fb4d59f46ad41c2bdbe8eed74597f584c3670e9131e04f05b"
"pcrl-hard6-intermediate-candidate","external-local","outputs/pcrl_v0/hard6/calibration20/seed_11_run/train/pcrl_gppo_adaptive/seed_11/validation_candidates/update_0020.pt","846769","6dbe7502c34901ffbd29658f665593df858ce66ef6f241a28bb1a223e80816c4"
"pcrl-hard6-intermediate-candidate","external-local","outputs/pcrl_v0/hard6/calibration20/seed_11_run/train/pcrl_gppo_adaptive_no_conditioning/seed_11/validation_candidates/update_0000.pt","846001","3a8abe244bcab897b04d7dba2b5cab448c08912cbac0af3a15e5abda6b4c2699"
"pcrl-hard6-intermediate-candidate","external-local","outputs/pcrl_v0/hard6/calibration20/seed_11_run/train/pcrl_gppo_adaptive_no_conditioning/seed_11/validation_candidates/update_0002.pt","846705","2be70205ec1faa19e5ca679837b86fa57e697ba7bb659d1e489fc82249aece42"
"pcrl-hard6-intermediate-candidate","external-local","outputs/pcrl_v0/hard6/calibration20/seed_11_run/train/pcrl_gppo_adaptive_no_conditioning/seed_11/validation_candidates/update_0004.pt","846705","30af34e66fb4b66fecf0cdcd2451ceec587005959ee009d7939aa31733cf1d13"
"pcrl-hard6-intermediate-candidate","external-local","outputs/pcrl_v0/hard6/calibration20/seed_11_run/train/pcrl_gppo_adaptive_no_conditioning/seed_11/validation_candidates/update_0006.pt","846705","184d5641f1a01fce0eb00e5bd0aebf49d7444f33e6a635184d4c47e9885b2986"
"pcrl-hard6-intermediate-candidate","external-local","outputs/pcrl_v0/hard6/calibration20/seed_11_run/train/pcrl_gppo_adaptive_no_conditioning/seed_11/validation_candidates/update_0008.pt","846705","48ee8e5308b00459f087e41c1fa8f62e1f9d4442e0504c822ad1be70eaf1504a"
"pcrl-hard6-intermediate-candidate","external-local","outputs/pcrl_v0/hard6/calibration20/seed_11_run/train/pcrl_gppo_adaptive_no_conditioning/seed_11/validation_candidates/update_0010.pt","846705","a107160473c2885751fd1e7272b65e56348b2d8bb0438a9829fcd792b12ef176"
"pcrl-hard6-intermediate-candidate","external-local","outputs/pcrl_v0/hard6/calibration20/seed_11_run/train/pcrl_gppo_adaptive_no_conditioning/seed_11/validation_candidates/update_0012.pt","846705","8b5bb528f375155b28279e2014827c62dd54791ea3778767d09dc7ba1e4578be"
"pcrl-hard6-intermediate-candidate","external-local","outputs/pcrl_v0/hard6/calibration20/seed_11_run/train/pcrl_gppo_adaptive_no_conditioning/seed_11/validation_candidates/update_0014.pt","846705","a492b1e2f120569689c5c0f8f70ce7401d4f9c8ab9938654078cff2970ce24c1"
"pcrl-hard6-intermediate-candidate","external-local","outputs/pcrl_v0/hard6/calibration20/seed_11_run/train/pcrl_gppo_adaptive_no_conditioning/seed_11/validation_candidates/update_0016.pt","846705","991dd60874171c0c1f3cf8165735b19bc2af9562c5b6a37b42a4d057dc4392de"
"pcrl-hard6-intermediate-candidate","external-local","outputs/pcrl_v0/hard6/calibration20/seed_11_run/train/pcrl_gppo_adaptive_no_conditioning/seed_11/validation_candidates/update_0018.pt","846769","48b0d57652bd45892e4ad00994612b34b5a4f7874e6c750008949d6f6ce99822"
"pcrl-hard6-intermediate-candidate","external-local","outputs/pcrl_v0/hard6/calibration20/seed_11_run/train/pcrl_gppo_adaptive_no_conditioning/seed_11/validation_candidates/update_0020.pt","846705","a0cb9cea1eca549f06dfc9c36d6aa162a2fda8d1b33ae68037055dd7688aa5fe"
"pcrl-hard6-intermediate-candidate","external-local","outputs/pcrl_v0/hard6/calibration20/seed_12_run/train/pcrl_gppo_adaptive/seed_12/validation_candidates/update_0000.pt","846001","196ab890cc021d0d8669aaec63628e278dc244ee63e5cb943489525d428a4a4e"
"pcrl-hard6-intermediate-candidate","external-local","outputs/pcrl_v0/hard6/calibration20/seed_12_run/train/pcrl_gppo_adaptive/seed_12/validation_candidates/update_0002.pt","846705","3b30e646c3884b968a3c99f985c25bb3afd85661bc723b25981bd7dadcf5505d"
"pcrl-hard6-intermediate-candidate","external-local","outputs/pcrl_v0/hard6/calibration20/seed_12_run/train/pcrl_gppo_adaptive/seed_12/validation_candidates/update_0004.pt","846705","c9cfa9c55a71089f072b3297b955b1a69d9450f98a22d7900a3b67b8495a442a"
"pcrl-hard6-intermediate-candidate","external-local","outputs/pcrl_v0/hard6/calibration20/seed_12_run/train/pcrl_gppo_adaptive/seed_12/validation_candidates/update_0006.pt","846705","8a77f288416fbe7246939590e577f0861624343cfb9f835c7f4469bfe7a90e1c"
"pcrl-hard6-intermediate-candidate","external-local","outputs/pcrl_v0/hard6/calibration20/seed_12_run/train/pcrl_gppo_adaptive/seed_12/validation_candidates/update_0008.pt","846705","a24d2cd007f08dea3b755ffedf044b849999d4bf754e2e7cf4d1897fe5330e9c"
"pcrl-hard6-intermediate-candidate","external-local","outputs/pcrl_v0/hard6/calibration20/seed_12_run/train/pcrl_gppo_adaptive/seed_12/validation_candidates/update_0010.pt","846705","ebccb6ca4228b7e8d03a2dc978a62c0f0de1ba6b9bac69488ce394ec320b417d"
"pcrl-hard6-intermediate-candidate","external-local","outputs/pcrl_v0/hard6/calibration20/seed_12_run/train/pcrl_gppo_adaptive/seed_12/validation_candidates/update_0012.pt","846705","30b43e4af206627cc8c4070768d69862ec00321d750ca415363960de4fafd020"
"pcrl-hard6-intermediate-candidate","external-local","outputs/pcrl_v0/hard6/calibration20/seed_12_run/train/pcrl_gppo_adaptive/seed_12/validation_candidates/update_0014.pt","846705","e9db40baf3fcc04736514bfc089cb8d530650d7229edf14ff2280dfe14a5074a"
"pcrl-hard6-intermediate-candidate","external-local","outputs/pcrl_v0/hard6/calibration20/seed_12_run/train/pcrl_gppo_adaptive/seed_12/validation_candidates/update_0016.pt","846705","f53f82fde9e951ab93b4d4553e30b1165fddd5137215ce7aa99937c905838921"
"pcrl-hard6-intermediate-candidate","external-local","outputs/pcrl_v0/hard6/calibration20/seed_12_run/train/pcrl_gppo_adaptive/seed_12/validation_candidates/update_0018.pt","846705","24cab89906eda4baa31ca7e2c7ee9bc6d3d0606080675ca6a3c229cff24cc202"
"pcrl-hard6-intermediate-candidate","external-local","outputs/pcrl_v0/hard6/calibration20/seed_12_run/train/pcrl_gppo_adaptive/seed_12/validation_candidates/update_0020.pt","846705","bdd33370b002145cbf4a3c7963ce7a96cd2a001ff59bf78bccec2c114af56335"
"pcrl-hard6-intermediate-candidate","external-local","outputs/pcrl_v0/hard6/calibration20/seed_12_run/train/pcrl_gppo_adaptive_no_conditioning/seed_12/validation_candidates/update_0000.pt","846001","196ab890cc021d0d8669aaec63628e278dc244ee63e5cb943489525d428a4a4e"
"pcrl-hard6-intermediate-candidate","external-local","outputs/pcrl_v0/hard6/calibration20/seed_12_run/train/pcrl_gppo_adaptive_no_conditioning/seed_12/validation_candidates/update_0002.pt","846705","5af5dcf9adfd12ac7d83e2daa69b99a8a7167f2ba637c632e9ce44e667fb6358"
"pcrl-hard6-intermediate-candidate","external-local","outputs/pcrl_v0/hard6/calibration20/seed_12_run/train/pcrl_gppo_adaptive_no_conditioning/seed_12/validation_candidates/update_0004.pt","846705","f9eb605f4a2eeacf634447b765fc7a78479474c1dc938432076c780b63da1e9a"
"pcrl-hard6-intermediate-candidate","external-local","outputs/pcrl_v0/hard6/calibration20/seed_12_run/train/pcrl_gppo_adaptive_no_conditioning/seed_12/validation_candidates/update_0006.pt","846705","8691441fb2cda959a3af0ec99d69f6aa9ee693b160c52684da22ea361fad185e"
"pcrl-hard6-intermediate-candidate","external-local","outputs/pcrl_v0/hard6/calibration20/seed_12_run/train/pcrl_gppo_adaptive_no_conditioning/seed_12/validation_candidates/update_0008.pt","846705","d3085adf88fa662d34e1ce4670d2f615099a7fe5d987e832ba0097587479a8f0"
"pcrl-hard6-intermediate-candidate","external-local","outputs/pcrl_v0/hard6/calibration20/seed_12_run/train/pcrl_gppo_adaptive_no_conditioning/seed_12/validation_candidates/update_0010.pt","846705","cbbe1bf3cefd31c4f5faaceb5b179f8115d4c5d8a6876011b5fffcaa3d0f93d0"
"pcrl-hard6-intermediate-candidate","external-local","outputs/pcrl_v0/hard6/calibration20/seed_12_run/train/pcrl_gppo_adaptive_no_conditioning/seed_12/validation_candidates/update_0012.pt","846705","2eccedca5a5ddbf984d9f4b7e98d4c2ee2ff7dcecebaac0d2ca313030f14a025"
"pcrl-hard6-intermediate-candidate","external-local","outputs/pcrl_v0/hard6/calibration20/seed_12_run/train/pcrl_gppo_adaptive_no_conditioning/seed_12/validation_candidates/update_0014.pt","846705","0dd56326fdf15c112445c3e85465713fb3a72f886eb902abbf623c5402da96b7"
"pcrl-hard6-intermediate-candidate","external-local","outputs/pcrl_v0/hard6/calibration20/seed_12_run/train/pcrl_gppo_adaptive_no_conditioning/seed_12/validation_candidates/update_0016.pt","846705","f7da76828ce104b0ef6c6ff98434091b81e2872987c151e96b24b0abb457f448"
"pcrl-hard6-intermediate-candidate","external-local","outputs/pcrl_v0/hard6/calibration20/seed_12_run/train/pcrl_gppo_adaptive_no_conditioning/seed_12/validation_candidates/update_0018.pt","846705","ecb4e2556151d39e44166751ed16a62482530dc1ddf07b1d8e30cc0bfda206a8"
"pcrl-hard6-intermediate-candidate","external-local","outputs/pcrl_v0/hard6/calibration20/seed_12_run/train/pcrl_gppo_adaptive_no_conditioning/seed_12/validation_candidates/update_0020.pt","846705","8af59cb2085025e7bae1f79fd09e9e22b5c1a5d18871438d8b5df5c012f9f137"
"pcrl-hard6-intermediate-candidate","external-local","outputs/pcrl_v0/hard6/calibration20/seed_13_run/train/pcrl_gppo_adaptive/seed_13/validation_candidates/update_0000.pt","846001","c4af5ee0f207444bc092f489d595cef3b615cbd8f80349f5613f46b3d7d1b382"
"pcrl-hard6-intermediate-candidate","external-local","outputs/pcrl_v0/hard6/calibration20/seed_13_run/train/pcrl_gppo_adaptive/seed_13/validation_candidates/update_0002.pt","846705","6bc77f533b0c09ede7fd213bb52ecebb398ada342330649203a73df4c090d6b1"
"pcrl-hard6-intermediate-candidate","external-local","outputs/pcrl_v0/hard6/calibration20/seed_13_run/train/pcrl_gppo_adaptive/seed_13/validation_candidates/update_0004.pt","846705","72fe29c29e6395ec6a7da12fe929af2c39146f14b506639944fa044344eaa22e"
"pcrl-hard6-intermediate-candidate","external-local","outputs/pcrl_v0/hard6/calibration20/seed_13_run/train/pcrl_gppo_adaptive/seed_13/validation_candidates/update_0006.pt","846705","d7f69f847ae78b886b40f745b968c92067b73512056ef8bc69ec751d3956dc4e"
"pcrl-hard6-intermediate-candidate","external-local","outputs/pcrl_v0/hard6/calibration20/seed_13_run/train/pcrl_gppo_adaptive/seed_13/validation_candidates/update_0008.pt","846705","9ee39a1628e3a71743872ff3ff00e1207544745855b7db4b7202d71873a0b8b1"
"pcrl-hard6-intermediate-candidate","external-local","outputs/pcrl_v0/hard6/calibration20/seed_13_run/train/pcrl_gppo_adaptive/seed_13/validation_candidates/update_0010.pt","846705","903d334edff6a0144953521e348c5f126ab71630a5aff5bac675225af439bce3"
"pcrl-hard6-intermediate-candidate","external-local","outputs/pcrl_v0/hard6/calibration20/seed_13_run/train/pcrl_gppo_adaptive/seed_13/validation_candidates/update_0012.pt","846705","f6105bd5f566d24c3b74360e1b95dcded007784816b51032f94f9990112b957e"
"pcrl-hard6-intermediate-candidate","external-local","outputs/pcrl_v0/hard6/calibration20/seed_13_run/train/pcrl_gppo_adaptive/seed_13/validation_candidates/update_0014.pt","846705","9c4bcc3e43ac15e1221e3adc1e6a6be8625d89be4014868c0b94a0c0fa9affd5"
"pcrl-hard6-intermediate-candidate","external-local","outputs/pcrl_v0/hard6/calibration20/seed_13_run/train/pcrl_gppo_adaptive/seed_13/validation_candidates/update_0016.pt","846705","7dcf789a302aef4454858f8a91570178fdc581b3d367d41868540233b911f931"
"pcrl-hard6-intermediate-candidate","external-local","outputs/pcrl_v0/hard6/calibration20/seed_13_run/train/pcrl_gppo_adaptive/seed_13/validation_candidates/update_0018.pt","846705","95c5f9428aee14d34ddaebcdc670270c16c4b64dcaf9e18b18b214eef1b3977c"
"pcrl-hard6-intermediate-candidate","external-local","outputs/pcrl_v0/hard6/calibration20/seed_13_run/train/pcrl_gppo_adaptive/seed_13/validation_candidates/update_0020.pt","846705","be3a9e1522cf7efc16d017df9f2a712fb73411cec84523e34e6f8f9e03a2ac36"
"pcrl-hard6-intermediate-candidate","external-local","outputs/pcrl_v0/hard6/calibration20/seed_13_run/train/pcrl_gppo_adaptive_no_conditioning/seed_13/validation_candidates/update_0000.pt","846001","c4af5ee0f207444bc092f489d595cef3b615cbd8f80349f5613f46b3d7d1b382"
"pcrl-hard6-intermediate-candidate","external-local","outputs/pcrl_v0/hard6/calibration20/seed_13_run/train/pcrl_gppo_adaptive_no_conditioning/seed_13/validation_candidates/update_0002.pt","846705","0eb5354239b453623519e074d18465d83645191a39666dfb3bcc80395ca12655"
"pcrl-hard6-intermediate-candidate","external-local","outputs/pcrl_v0/hard6/calibration20/seed_13_run/train/pcrl_gppo_adaptive_no_conditioning/seed_13/validation_candidates/update_0004.pt","846705","325004b8eafc25a25e032e37faea411a4713961e80841e365f3a507e61f6074e"
"pcrl-hard6-intermediate-candidate","external-local","outputs/pcrl_v0/hard6/calibration20/seed_13_run/train/pcrl_gppo_adaptive_no_conditioning/seed_13/validation_candidates/update_0006.pt","846705","c399736710af2349ea1ac848fcefba10b1ff07eef1aa783fa73f3235ff863aef"
"pcrl-hard6-intermediate-candidate","external-local","outputs/pcrl_v0/hard6/calibration20/seed_13_run/train/pcrl_gppo_adaptive_no_conditioning/seed_13/validation_candidates/update_0008.pt","846705","4ba2d8716939410401c40edd4fce68f4228e03d2fd5dce8678a8c08aaa2b28c7"
"pcrl-hard6-intermediate-candidate","external-local","outputs/pcrl_v0/hard6/calibration20/seed_13_run/train/pcrl_gppo_adaptive_no_conditioning/seed_13/validation_candidates/update_0010.pt","846705","c510f079079d3d313a7389f07727bbe8723e1700105b69615d23c01ea55a3ec7"
"pcrl-hard6-intermediate-candidate","external-local","outputs/pcrl_v0/hard6/calibration20/seed_13_run/train/pcrl_gppo_adaptive_no_conditioning/seed_13/validation_candidates/update_0012.pt","846705","b60995888dfd50da236a36f1fae8f26c14fbc06e36949de913d31f39dec2eac9"
"pcrl-hard6-intermediate-candidate","external-local","outputs/pcrl_v0/hard6/calibration20/seed_13_run/train/pcrl_gppo_adaptive_no_conditioning/seed_13/validation_candidates/update_0014.pt","846705","559df1f2e79e93d872538a09dabbb4ed62dacab9c78b6624e10e3bdfab01332a"
"pcrl-hard6-intermediate-candidate","external-local","outputs/pcrl_v0/hard6/calibration20/seed_13_run/train/pcrl_gppo_adaptive_no_conditioning/seed_13/validation_candidates/update_0016.pt","846705","935d5b75c4845d05ea328a38b3f22804bb5be4b4b76ade46eca64ccf002cb35b"
"pcrl-hard6-intermediate-candidate","external-local","outputs/pcrl_v0/hard6/calibration20/seed_13_run/train/pcrl_gppo_adaptive_no_conditioning/seed_13/validation_candidates/update_0018.pt","846705","2f95c2357265ad7b4362b47474847ab9369aeadc4c01554ca28a8bc40c2124c8"
"pcrl-hard6-intermediate-candidate","external-local","outputs/pcrl_v0/hard6/calibration20/seed_13_run/train/pcrl_gppo_adaptive_no_conditioning/seed_13/validation_candidates/update_0020.pt","846705","80f3348977ac9000b236f0fcf0a3cddfaa1a359e8237e444d081dd73fb72b377"
"reference-paper","external-local-copyright","Multi-UAV_Dynamic_Task_Assignment_Based_on_Event-Triggered_Graph_Reinforcement_Learning_Under_Weak_Communication.pdf","3850771","860f3b0ebdcd95407ce002077af84d8652c8ae6a1e60ec61f124348c252d24e0"
"reference-paper","external-local-copyright","Preference Controllable Reinforcement Learning with Advanced Multi-Objective Optimization(1).pdf","5861410","8461437adefe4b6e1c0d5dd16bc17ef76c9ef253c4785cde441460e13cb225fc"
